TimeStamp,Summary,Temperature (C),Apparent Temperature (C),Humidity,Wind Speed (km/h),Wind Bearing (degrees),Visibility (km),Pressure (millibars),Rain
1710205445,Partly Cloudy,9.472222222,7.388888889,0.89,14.1197,251,15.8263,1015.13,Yes
1722840788,Partly Cloudy,9.355555556,7.227777778,0.86,14.2646,259,15.8263,1015.63,No
1731772935,Mostly Cloudy,9.377777778,9.377777778,0.89,3.9284,204,14.9569,1015.94,No
1726173110,Partly Cloudy,8.288888889,5.944444444,0.83,14.1036,269,15.8263,1016.41,Yes
1719404122,Mostly Cloudy,8.755555556,6.977777778,0.83,11.0446,259,15.8263,1016.51,No
1730932507,Partly Cloudy,9.222222222,7.111111111,0.85,13.9587,258,14.9569,1016.66,Yes
1731494084,Partly Cloudy,7.733333333,5.522222222,0.95,12.3648,259,9.982,1016.72,No
1710539601,Partly Cloudy,8.772222222,6.527777778,0.89,14.1519,260,9.982,1016.84,Yes
1715850988,Partly Cloudy,10.82222222,10.82222222,0.82,11.3183,259,9.982,1017.37,No
1713347379,Partly Cloudy,13.77222222,13.77222222,0.72,12.5258,279,9.982,1017.22,Yes
1734067347,Partly Cloudy,16.01666667,16.01666667,0.67,17.5651,290,11.2056,1017.42,Yes
1734470580,Partly Cloudy,17.14444444,17.14444444,0.54,19.7869,316,11.4471,1017.74,Yes
1717255825,Partly Cloudy,17.8,17.8,0.55,21.9443,281,11.27,1017.59,Yes
1735594859,Partly Cloudy,17.33333333,17.33333333,0.51,20.6885,289,11.27,1017.48,Yes
1708362711,Partly Cloudy,18.87777778,18.87777778,0.47,15.3755,262,11.4471,1017.17,Yes
1712323666,Partly Cloudy,18.91111111,18.91111111,0.46,10.4006,288,11.27,1016.47,Yes
1710998514,Partly Cloudy,15.38888889,15.38888889,0.6,14.4095,251,11.27,1016.15,Yes
1713829785,Mostly Cloudy,15.55,15.55,0.63,11.1573,230,11.4471,1016.17,No
1722754946,Mostly Cloudy,14.25555556,14.25555556,0.69,8.5169,163,11.2056,1015.82,No
1713511640,Mostly Cloudy,13.14444444,13.14444444,0.7,7.6314,139,11.2056,1015.83,No
1720243877,Mostly Cloudy,11.55,11.55,0.77,7.3899,147,11.0285,1015.85,No
1717263662,Mostly Cloudy,11.18333333,11.18333333,0.76,4.9266,160,9.982,1015.77,No
1707526020,Partly Cloudy,10.11666667,10.11666667,0.79,6.6493,163,15.8263,1015.4,No
1705304162,Mostly Cloudy,10.2,10.2,0.77,3.9284,152,14.9569,1015.51,No
1717319834,Partly Cloudy,10.42222222,10.42222222,0.62,16.9855,150,15.8263,1014.4,No
1729563147,Partly Cloudy,9.911111111,7.566666667,0.66,17.2109,149,15.8263,1014.2,No
1704734059,Mostly Cloudy,11.18333333,11.18333333,0.8,10.8192,163,14.9569,1008.71,No
1711526184,Partly Cloudy,7.155555556,5.044444444,0.79,11.0768,180,15.8263,1014.47,Yes
1718444302,Partly Cloudy,6.111111111,4.816666667,0.82,6.6493,161,15.8263,1014.45,Yes
1708439678,Partly Cloudy,6.788888889,4.272222222,0.83,13.0088,135,14.9569,1014.49,No
1719548466,Mostly Cloudy,7.261111111,5.155555556,0.85,11.1734,141,6.1985,1014.52,Yes
1715737168,Mostly Cloudy,7.8,5.527777778,0.83,12.8156,150,8.05,1014.16,Yes
1726819845,Mostly Cloudy,9.872222222,7.933333333,0.78,13.7494,160,9.982,1014.24,No
1735443501,Mostly Cloudy,12.22222222,12.22222222,0.72,15.6331,150,9.982,1014.25,Yes
1712792624,Mostly Cloudy,15.09444444,15.09444444,0.61,17.549,151,9.982,1013.96,Yes
1710662363,Mostly Cloudy,17.35555556,17.35555556,0.52,22.7815,169,9.982,1013.85,Yes
1706682210,Mostly Cloudy,19.00555556,19.00555556,0.46,23.8924,169,9.982,1013.04,No
1707677077,Mostly Cloudy,20.04444444,20.04444444,0.4,28.3682,170,9.982,1012.22,Yes
1724930490,Mostly Cloudy,21.05,21.05,0.4,26.9031,187,10.3523,1011.44,Yes
1723002541,Mostly Cloudy,21.18333333,21.18333333,0.37,25.6956,179,9.982,1010.52,Yes
1710277662,Mostly Cloudy,20.11666667,20.11666667,0.4,25.3092,162,9.982,1009.83,No
1704087293,Mostly Cloudy,20.21666667,20.21666667,0.36,18.1125,161,10.3523,1009.26,Yes
1730357319,Mostly Cloudy,20,20,0.43,23.4255,160,9.982,1008.76,Yes
1728985191,Mostly Cloudy,17.8,17.8,0.5,20.0445,150,11.2056,1008.36,No
1734958959,Mostly Cloudy,16.06111111,16.06111111,0.53,21.3969,149,9.982,1008.11,Yes
1723000166,Mostly Cloudy,15.02222222,15.02222222,0.55,21.3808,159,9.982,1008.15,Yes
1715230016,Overcast,14.42222222,14.42222222,0.58,20.0123,159,15.8263,1007.85,Yes
1713710382,Overcast,14.25555556,14.25555556,0.59,16.5025,168,14.9569,1007.89,Yes
1707057935,Overcast,13.77222222,13.77222222,0.6,17.0982,160,15.8263,1007.36,Yes
1734980422,Overcast,13.28333333,13.28333333,0.63,14.3612,160,15.8263,1007.26,Yes
1720340942,Overcast,8.633333333,5.466666667,0.87,22.0409,32,6.6976,1005.1,Yes
1715059433,Overcast,11.25,11.25,0.83,11.3344,152,15.8263,1007.01,No
1733101962,Overcast,11.18333333,11.18333333,0.89,11.2056,180,9.9015,1006.73,Yes
1707841107,Overcast,10.69444444,10.69444444,0.95,10.4006,161,6.6976,1006.59,Yes
1727599763,Mostly Cloudy,11.11111111,11.11111111,0.93,12.0106,140,5.9731,1006.34,Yes
1735135884,Mostly Cloudy,11.11111111,11.11111111,0.93,9.2092,103,10.8031,1006.09,No
1707826130,Partly Cloudy,12.16666667,12.16666667,0.82,9.9015,113,10.6743,1005.97,No
1707460024,Partly Cloudy,12.75555556,12.75555556,0.79,13.8299,129,10.8192,1005.63,No
1726613380,Partly Cloudy,13.83888889,13.83888889,0.84,9.0965,159,10.8192,1005.83,No
1731264377,Partly Cloudy,16.18333333,16.18333333,0.73,0.644,207,10.7548,1005.97,No
1728214350,Mostly Cloudy,17.51666667,17.51666667,0.67,0.6762,153,10.8997,1005.64,No
1709737663,Mostly Cloudy,17.38333333,17.38333333,0.67,3.864,4,10.8514,1005.2,No
1734639926,Mostly Cloudy,17.36111111,17.36111111,0.71,7.8246,341,11.0768,1005.1,No
1709347879,Mostly Cloudy,17.20555556,17.20555556,0.74,15.5848,15,10.8514,1004.65,No
1707020263,Mostly Cloudy,15.63333333,15.63333333,0.81,23.6992,348,10.8836,1004.04,Yes
1730948665,Overcast,13.57777778,13.57777778,0.9,20.9622,321,7.6153,1004.08,Yes
1721184889,Foggy,10.91111111,10.91111111,0.86,22.3951,311,2.6565,1004.61,No
1710993548,Foggy,8.8,5.294444444,0.99,26.5006,339,2.6565,1004.99,Yes
1733101665,Overcast,8.961111111,5.777777778,0.93,23.2162,340,3.8157,1004.85,Yes
1716593874,Overcast,8.2,4.605555556,0.96,25.4219,330,4.4919,1004.96,Yes
1720239325,Overcast,7.688888889,3.722222222,0.96,28.1267,339,4.4436,1005.14,Yes
1714075985,Overcast,7.766666667,4.65,0.96,19.2878,339,5.6833,1005.05,Yes
1715714961,Foggy,8.2,5.072222222,0.96,20.447,341,3.1073,1004.8,No
1717163287,Foggy,8.177777778,4.372222222,0.93,27.8691,19,3.2039,1004.89,No
1733475908,Mostly Cloudy,7.311111111,6.183333333,0.82,6.7459,277,14.0553,1007,No
1713811325,Overcast,7.644444444,5.038888889,0.93,14.9086,9,6.118,1004.3,No
1713531607,Overcast,6.622222222,2.616666667,0.93,25.0355,0,6.118,1003.68,No
1734787323,Overcast,6.683333333,3.222222222,0.93,19.8352,350,6.1663,1003.86,Yes
1708071111,Overcast,6.088888889,1.65,0.93,28.0945,349,7.9695,1003.57,Yes
1720459097,Overcast,6.066666667,1.633333333,0.93,27.9818,348,6.3434,1003.96,No
1723903952,Breezy and Mostly Cloudy,6.144444444,1.494444444,0.93,30.8637,349,10.5455,1004.1,No
1725208226,Breezy and Mostly Cloudy,7.133333333,2.688888889,0.8,32.1678,349,11.2056,1004.26,Yes
1720712718,Overcast,7.205555556,3.233333333,0.86,26.5328,339,11.27,1004.18,Yes
1713845333,Mostly Cloudy,7.566666667,3.544444444,0.84,28.336,339,10.5455,1004.23,Yes
1730503087,Mostly Cloudy,8.9,5.161111111,0.77,29.8333,348,11.27,1004.47,Yes
1707005481,Mostly Cloudy,9.961111111,6.644444444,0.71,28.4809,339,11.27,1004.52,Yes
1734689448,Mostly Cloudy,9.888888889,6.55,0.71,28.5131,338,11.0768,1004.29,Yes
1723959630,Mostly Cloudy,11.06666667,11.06666667,0.71,25.6956,320,11.27,1003.93,Yes
1734278940,Overcast,10.11666667,10.11666667,0.76,25.3414,311,11.27,1004,Yes
1708332324,Overcast,11.03888889,11.03888889,0.66,21.413,311,9.982,1004.3,Yes
1711307449,Overcast,10.65,10.65,0.7,17.8549,310,14.9086,1004,Yes
1725810305,Overcast,10.05,10.05,0.7,15.1984,328,9.982,1004.39,Yes
1711105007,Mostly Cloudy,9.9,7.716666667,0.66,15.7297,348,11.0285,1005.48,Yes
1710781531,Overcast,8.794444444,6.816666667,0.71,12.3648,20,9.982,1005.89,Yes
1717845524,Mostly Cloudy,7.827777778,5.405555556,0.72,13.8943,28,15.8263,1006.37,Yes
1725306741,Overcast,7.855555556,6.122222222,0.72,9.8049,11,15.0052,1006.56,Yes
1735281068,Mostly Cloudy,7.316666667,6.211111111,0.75,6.6654,326,15.8746,1007.07,Yes
1734805734,Overcast,7.244444444,6.005555556,0.75,7.1162,309,15.8746,1007.37,Yes
1708136465,Partly Cloudy,5.438888889,5.438888889,0.88,3.7191,193,9.982,1012.23,Yes
1716941507,Overcast,7.2,4.55,0.76,14.4739,273,15.8263,1007.28,Yes
1710818885,Overcast,6.688888889,3.161111111,0.7,20.5275,300,15.8263,1007.18,Yes
1710818888,Overcast,6.211111111,2.694444444,0.73,19.3039,309,14.9569,1007.39,Yes
1710818887,Overcast,6.111111111,2.8,0.76,17.4363,300,9.982,1007.67,Yes
1710818885,Overcast,6.111111111,2.438888889,0.76,20.4148,300,9.982,1007.98,Yes
1710818889,Overcast,6.172222222,2.922222222,0.76,17.0499,307,9.982,1008.57,Yes
1710818885,Overcast,7.222222222,3.833333333,0.71,20.5114,319,9.982,1008.87,Yes
1710818887,Overcast,7.288888889,4.244444444,0.73,17.6456,328,9.982,1009.44,Yes
1710818887,Overcast,7.405555556,4.816666667,0.72,14.4095,318,9.982,1010.03,Yes
1710818888,Overcast,33.96111111,6.072222222,0.7,10.7548,321,10.0464,1010.22,Yes
1710818884,Overcast,8.033333333,7.583333333,0.7,4.8622,349,10.0464,1010.39,Yes
1710818888,Overcast,9.077777778,9.077777778,0.65,2.3828,348,10.0303,1010.24,Yes
1710818889,Overcast,9.05,9.05,0.62,0.322,243,9.982,1010,Yes
1710818891,Overcast,9.05,9.05,0.65,3.2522,177,11.2056,1009.98,Yes
1710818887,Overcast,9.183333333,9.183333333,0.65,3.0107,170,11.0285,1010.05,Yes
1710818891,Overcast,9.072222222,7.455555556,0.7,10.465,172,9.982,1010.1,Yes
1710818883,Overcast,7.983333333,6.811111111,0.75,7.3416,172,9.982,1010.39,Yes
1710818889,Overcast,8.072222222,6.433333333,0.75,9.5151,150,9.982,1010.91,Yes
1710818891,Overcast,7.894444444,6.127777778,0.82,9.9981,142,9.982,1011.32,Yes
1710818888,Overcast,7.311111111,4.805555556,0.83,13.685,141,11.9784,1011.61,Yes
1710818886,Mostly Cloudy,7.338888889,5.183333333,0.84,11.5437,141,14.168,1011.97,Yes
1710818884,Mostly Cloudy,6.622222222,4.111111111,0.85,12.719,142,14.9086,1012.22,Yes
1710818886,Partly Cloudy,6.066666667,3.411111111,0.88,12.8961,130,14.9086,1012.74,Yes
1710818886,Partly Cloudy,8.338888889,8.338888889,0.88,0.6923,359,15.0052,1015.35,Yes
1710818885,Mostly Cloudy,5.183333333,4.111111111,0.91,5.5384,166,9.982,1013.29,Yes
1710818884,Mostly Cloudy,3.722222222,2.566666667,0.94,5.2003,145,9.982,1013.39,Yes
1710818885,Mostly Cloudy,4.855555556,3.705555556,0.93,5.6189,170,5.9248,1013.45,Yes
1710818888,Foggy,5.211111111,5.211111111,0.92,4.7656,178,1.2236,1013.4,Yes
1710818890,Overcast,6.255555556,4.638888889,0.92,7.9212,223,7.2128,1013.81,Yes
1710818888,Mostly Cloudy,7.794444444,6.055555556,0.87,9.7566,240,10.6743,1014.7,Yes
1710818883,Mostly Cloudy,10.05,10.05,0.76,9.6922,231,11.2056,1014.67,Yes
1710818883,Mostly Cloudy,12.2,12.2,0.66,14.49,230,9.982,1014.66,Yes
1710818887,Mostly Cloudy,12.7,12.7,0.63,20.3343,214,11.0285,1014.8,Yes
1710818888,Partly Cloudy,13.93333333,13.93333333,0.58,23.5865,222,11.27,1014.47,Yes
1710818884,Partly Cloudy,15.09444444,15.09444444,0.59,22.2985,241,11.27,1014.16,Yes
1710818888,Mostly Cloudy,15.15,15.15,0.5,14.7154,235,11.4471,1014.07,Yes
1710818885,Partly Cloudy,16.17777778,16.17777778,0.44,14.49,238,11.27,1013.34,Yes
1710818890,Partly Cloudy,16.25,16.25,0.55,14.7154,211,11.27,1012.72,Yes
1710818887,Partly Cloudy,16.29444444,16.29444444,0.5,19.5937,221,11.4471,1012.38,Yes
1710818886,Partly Cloudy,16.1,16.1,0.56,14.8281,215,11.1251,1012.38,Yes
1710818887,Partly Cloudy,12.95555556,12.95555556,0.68,11.9784,224,11.27,1012.72,Yes
1710818883,Mostly Cloudy,13.85,13.85,0.64,11.5598,231,11.4471,1013.42,Yes
1710818890,Mostly Cloudy,12.77777778,12.77777778,0.69,14.2485,358,10.0464,1014.41,Yes
1710818888,Mostly Cloudy,12.15,12.15,0.72,11.2539,8,15.8746,1014.89,Yes
1710818883,Mostly Cloudy,10.67777778,10.67777778,0.81,5.7799,59,15.0052,1014.91,Yes
1710818883,Mostly Cloudy,10.44444444,10.44444444,0.83,2.6404,63,15.8746,1014.75,Yes
1710818884,Mostly Cloudy,9.822222222,9.466666667,0.8,5.313,65,15.8746,1015.55,Yes
1710818890,Mostly Cloudy,11.02777778,11.02777778,0.74,11.3827,146,14.9569,1015.7,Yes
1710818889,Mostly Cloudy,7.138888889,7.138888889,0.93,3.6547,305,14.9086,1016.43,Yes
1710818886,Mostly Cloudy,7.622222222,5.644444444,0.89,10.8675,327,14.9086,1016.56,Yes
1710818885,Mostly Cloudy,7.627777778,6.611111111,0.86,6.5205,319,13.3791,1017.15,Yes
1710818883,Mostly Cloudy,7.044444444,4.855555556,0.86,11.3988,271,9.982,1017.37,Yes
1710818883,Partly Cloudy,8.6,7.038888889,0.84,9.66,297,9.982,1018.25,Yes
1710818886,Partly Cloudy,9.65,7.383333333,0.84,15.9551,289,9.982,1019.24,Yes
1710818886,Partly Cloudy,12.10555556,12.10555556,0.72,13.1698,310,9.982,1019.83,Yes
1710818888,Partly Cloudy,12.77777778,12.77777778,0.71,13.1698,301,11.2056,1020.51,Yes
1710818888,Partly Cloudy,13.81111111,13.81111111,0.65,9.6761,307,11.4471,1020.91,Yes
1710818884,Partly Cloudy,16.01666667,16.01666667,0.48,11.2378,307,11.27,1020.6,Yes
1710818890,Partly Cloudy,17.12777778,17.12777778,0.47,12.7029,308,11.27,1020.39,Yes
1710818888,Partly Cloudy,17.14444444,17.14444444,0.43,10.6099,279,11.4471,1020.34,Yes
1710818885,Mostly Cloudy,17.77777778,17.77777778,0.4,7.9534,272,11.2056,1019.7,Yes
1710818886,Mostly Cloudy,17.77777778,17.77777778,0.37,2.5921,351,11.2056,1018.89,Yes
1710818885,Mostly Cloudy,17.80555556,17.80555556,0.43,11.0124,175,10.3523,1018.48,Yes
1710818889,Mostly Cloudy,16.15555556,16.15555556,0.52,9.1931,172,9.982,1017.87,Yes
1710818883,Mostly Cloudy,14.05,14.05,0.63,9.1609,160,9.982,1017.56,Yes
1710818887,Mostly Cloudy,13.08888889,13.08888889,0.67,9.2736,138,9.982,1017.38,Yes
1710818886,Mostly Cloudy,12.28888889,12.28888889,0.72,9.4507,141,9.982,1017.58,Yes
1710818885,Overcast,12.77777778,12.77777778,0.66,11.0768,141,15.8263,1017.65,Yes
1710818884,Overcast,12.72777778,12.72777778,0.67,13.3791,149,14.9569,1017.36,Yes
1710818883,Overcast,12.26666667,12.26666667,0.69,14.1358,151,15.8263,1016.8,Yes
1710818885,Overcast,11.71111111,11.71111111,0.71,11.3183,158,15.8263,1016.64,Yes
1710818885,Partly Cloudy,10.82777778,10.82777778,0.86,9.177,259,14.168,1013.13,Yes
1710818887,Overcast,12.2,12.2,0.59,14.168,141,15.8263,1014.79,Yes
1710818889,Overcast,12.2,12.2,0.6,14.2968,151,15.8263,1014.25,Yes
1710818887,Overcast,11.68888889,11.68888889,0.68,13.8299,152,14.9569,1013.95,Yes
1710818887,Overcast,11.20555556,11.20555556,0.77,14.007,132,9.982,1013.63,Yes
1710818885,Mostly Cloudy,11.13333333,11.13333333,0.77,15.4882,150,9.982,1013.27,Yes
1710818885,Mostly Cloudy,11.43888889,11.43888889,0.77,13.8782,163,10.3523,1013.56,Yes
1710818891,Mostly Cloudy,13.03333333,13.03333333,0.81,14.4578,209,9.982,1012.85,Yes
1710818883,Mostly Cloudy,17.24444444,17.24444444,0.62,25.0194,221,11.27,1012.15,Yes
1710818891,Mostly Cloudy,17.73888889,17.73888889,0.53,27.37,230,11.4471,1011.71,Yes
1710818882,Overcast,17.84444444,17.84444444,0.56,22.218,251,11.27,1011.28,Yes
1710818891,Mostly Cloudy,18.86111111,18.86111111,0.56,23.5382,250,11.27,1010.99,Yes
1710818882,Overcast,18.66666667,18.66666667,0.56,19.8996,240,11.3988,1010.93,Yes
1710818887,Overcast,17.82222222,17.82222222,0.56,17.5007,243,11.27,1010.7,Yes
1710818887,Overcast,17.8,17.8,0.59,17.6939,281,11.27,1010.52,Yes
1710818886,Mostly Cloudy,17.35,17.35,0.57,19.5615,295,11.3988,1010.69,Yes
1710818888,Mostly Cloudy,16.06666667,16.06666667,0.67,21.8155,280,11.2056,1010.86,Yes
1710818888,Mostly Cloudy,14.93333333,14.93333333,0.73,17.2753,280,11.2056,1011.14,Yes
1710818890,Mostly Cloudy,13.92222222,13.92222222,0.78,11.7691,279,11.2861,1011.64,Yes
1710818884,Mostly Cloudy,12.75555556,12.75555556,0.84,11.0446,270,11.0768,1012.02,Yes
1710818883,Mostly Cloudy,12.75555556,12.75555556,0.84,11.0607,277,15.6975,1012.21,Yes
1710818890,Mostly Cloudy,12.37222222,12.37222222,0.86,7.2933,239,14.8764,1012.33,Yes
1710818890,Mostly Cloudy,11.18333333,11.18333333,0.93,6.923,241,15.8263,1012.6,Yes
1710818890,Mostly Cloudy,11.66666667,11.66666667,0.9,11.1734,242,15.8263,1012.8,No
1710818891,Partly Cloudy,8.977777778,7.366666667,0.95,10.3201,266,6.8425,1012.66,No
1710818886,Mostly Cloudy,10.57777778,10.57777778,0.93,11.1734,278,14.9086,1012.32,No
1710818890,Mostly Cloudy,10.53333333,10.53333333,0.89,14.007,269,14.9086,1012.33,No
1710818888,Mostly Cloudy,10.58888889,10.58888889,0.87,7.2933,269,14.168,1012.55,No
1710818885,Mostly Cloudy,9.983333333,9.283333333,0.89,6.7298,297,15.8263,1012.71,No
1710818889,Mostly Cloudy,11.02222222,11.02222222,0.86,7.889,307,9.982,1013.01,No
1728483012,Partly Cloudy,13.53888889,13.53888889,0.75,11.8657,305,9.982,1013.23,No
1723985512,Partly Cloudy,13.88888889,13.88888889,0.68,20.0123,308,11.2056,1013.31,No
1730109158,Partly Cloudy,15,15,0.67,17.5812,300,11.2056,1013.4,No
1704627452,Partly Cloudy,17.18333333,17.18333333,0.57,15.9551,319,11.4471,1013.27,No
1718082513,Mostly Cloudy,16.2,16.2,0.62,16.3093,309,11.27,1013.02,No
1727085079,Mostly Cloudy,17.75,17.75,0.56,17.7744,290,11.2056,1013.03,Yes
1713144190,Mostly Cloudy,18.40555556,18.40555556,0.54,19.0785,297,15.3594,1012.55,Yes
1726906044,Partly Cloudy,17.82222222,17.82222222,0.59,17.5973,319,11.27,1012.03,Yes
1730633313,Partly Cloudy,17.31111111,17.31111111,0.57,20.3343,310,11.27,1011.81,Yes
1718374724,Partly Cloudy,17.50555556,17.50555556,0.55,13.7172,316,11.4471,1011.33,Yes
1733788279,Mostly Cloudy,17.26666667,17.26666667,0.54,14.3773,309,9.982,1011.2,Yes
1706677158,Mostly Cloudy,15.13888889,15.13888889,0.61,10.8997,310,9.982,1011.5,Yes
1726828176,Mostly Cloudy,13.25,13.25,0.69,4.7173,325,9.982,1011.76,Yes
1709236713,Partly Cloudy,12.29444444,12.29444444,0.72,4.669,282,9.982,1012.01,Yes
1733051969,Partly Cloudy,10.7,10.7,0.79,3.5742,281,15.8263,1012.31,Yes
1717185025,Partly Cloudy,9.855555556,9.388888889,0.85,5.7477,274,14.9569,1012.51,Yes
1733433113,Partly Cloudy,9.522222222,7.861111111,0.88,11.27,280,11.9784,1012.52,Yes
1723859271,Partly Cloudy,8.405555556,8.405555556,0.92,3.1234,255,11.9784,1012.61,Yes
1718191241,Mostly Cloudy,13.01111111,13.01111111,0.82,9.6278,46,14.9569,1011.27,Yes
1708227717,Partly Cloudy,7.733333333,7.733333333,0.96,3.4293,277,4.2987,1012.54,Yes
1725429518,Partly Cloudy,6.138888889,6.138888889,0.96,3.3488,284,4.1216,1012.44,Yes
1731332935,Partly Cloudy,6.472222222,6.472222222,0.95,2.9946,283,4.7656,1012.62,Yes
1730194797,Foggy,6.627777778,6.627777778,0.96,3.3005,313,2.9302,1012.75,Yes
1719410553,Clear,8.688888889,8.688888889,0.93,1.4329,290,5.8443,1012.96,Yes
1713166264,Partly Cloudy,11.99444444,11.99444444,0.81,2.415,345,9.6117,1013.38,Yes
1706387120,Partly Cloudy,13.76666667,13.76666667,0.78,4.1538,16,9.6761,1013.14,Yes
1729296773,Partly Cloudy,15.08888889,15.08888889,0.77,7.3738,332,9.9015,1013.33,Yes
1710468937,Partly Cloudy,16.45555556,16.45555556,0.68,7.8085,350,11.0768,1013.56,Yes
1721230797,Partly Cloudy,17.31111111,17.31111111,0.62,7.3738,330,11.27,1013.61,No
1721634755,Partly Cloudy,17.87222222,17.87222222,0.64,8.372,12,11.27,1013.11,No
1709584271,Partly Cloudy,19.03888889,19.03888889,0.47,7.0679,39,11.4471,1012.69,No
1735051171,Partly Cloudy,18.97777778,18.97777778,0.51,10.8675,3,11.27,1012.2,No
1714042019,Partly Cloudy,19.00555556,19.00555556,0.55,4.8139,9,11.2056,1011.7,No
1735163449,Mostly Cloudy,19.01111111,19.01111111,0.53,4.7978,33,11.3988,1011.4,No
1725290717,Mostly Cloudy,17.86666667,17.86666667,0.64,10.9319,24,11.2056,1011.32,No
1711733415,Mostly Cloudy,17.26666667,17.26666667,0.62,10.8514,33,9.982,1011.23,No
1715877165,Mostly Cloudy,16.18888889,16.18888889,0.61,5.0876,25,10.3523,1011.5,No
1716297384,Mostly Cloudy,14.88333333,14.88333333,0.72,9.177,32,9.982,1012.05,No
1721265251,Mostly Cloudy,14.32777778,14.32777778,0.75,10.9319,31,15.8263,1012.15,No
1724288534,Overcast,14.51111111,14.51111111,0.75,6.3756,47,14.9569,1012.09,No
1714448191,Overcast,14.37222222,14.37222222,0.75,6.5366,67,15.8263,1011.83,No
1719119222,Overcast,14.87777778,14.87777778,0.72,14.2163,60,15.8263,1011.45,No
1704733603,Foggy,10.40555556,10.40555556,0.92,3.6064,144,2.0125,1012.05,No
1728998268,Overcast,12.82222222,12.82222222,0.83,8.4364,57,11.2056,1011.18,No
1729483496,Overcast,12.8,12.8,0.85,14.4256,31,14.9086,1010.07,No
1724446828,Overcast,12.82777778,12.82777778,0.86,13.8943,12,14.168,1009.83,No
1704194631,Overcast,12.26666667,12.26666667,0.85,15.778,12,11.2056,1009.8,No
1722156602,Overcast,12.26666667,12.26666667,0.85,15.5848,2,11.27,1009.99,No
1707058996,Mostly Cloudy,12.18333333,12.18333333,0.82,12.3809,11,11.0768,1010.21,No
1730767350,Overcast,12.17222222,12.17222222,0.8,20.3826,11,11.27,1010.41,Yes
1715359615,Overcast,12.71111111,12.71111111,0.83,22.0892,19,11.27,1010.33,Yes
1715821010,Mostly Cloudy,15.60555556,15.60555556,0.78,22.3468,18,10.3523,1010.43,Yes
1717945461,Mostly Cloudy,16.02222222,16.02222222,0.78,18.0642,20,11.2056,1010.29,Yes
1729932331,Mostly Cloudy,17.2,17.2,0.67,17.6456,48,11.2056,1010.1,Yes
1728684344,Overcast,17.21666667,17.21666667,0.71,14.0875,46,11.0285,1009.96,Yes
1728419409,Mostly Cloudy,17.82777778,17.82777778,0.69,13.4113,29,11.2056,1009.86,Yes
1710842367,Mostly Cloudy,17.82777778,17.82777778,0.69,14.6188,19,11.2056,1009.47,No
1709339602,Partly Cloudy,17.73333333,17.73333333,0.69,9.2414,340,11.0285,1009.63,No
1727567407,Mostly Cloudy,16.27222222,16.27222222,0.71,23.0713,39,11.2056,1009.39,No
1721658634,Overcast,13.16666667,13.16666667,0.93,3.7674,335,5.2164,1011.07,No
1733507730,Overcast,13.25555556,13.25555556,0.93,3.1395,228,8.05,1011.23,Yes
1720881078,Overcast,13.01111111,13.01111111,0.93,10.3362,274,9.982,1011.35,Yes
1708302297,Mostly Cloudy,12.45555556,12.45555556,0.91,5.796,310,14.9086,1011.67,Yes
1734937311,Mostly Cloudy,12.48888889,12.48888889,0.9,9.8854,315,14.5866,1011.76,Yes
1730021594,Mostly Cloudy,9.555555556,8.85,0.8,6.4883,146,15.8263,1015.68,Yes
1722601917,Mostly Cloudy,10.62222222,10.62222222,0.79,14.0231,160,15.8263,1015.41,Yes
1733782950,Partly Cloudy,8.722222222,8.722222222,0.93,4.5724,40,11.3988,1014.98,Yes
1704176154,Mostly Cloudy,10.53333333,10.53333333,0.77,10.7709,143,15.8263,1015.18,Yes
1735172181,Mostly Cloudy,9.444444444,8.705555556,0.83,6.5366,133,15.8263,1014.7,Yes
1723403252,Mostly Cloudy,9.888888889,9.327777778,0.83,6.0858,163,14.9569,1014.64,Yes
1733248950,Mostly Cloudy,10.36666667,10.36666667,0.78,10.7065,136,15.8263,1014.31,Yes
1728060542,Partly Cloudy,8.888888889,7.233333333,0.89,10.4972,158,11.2056,1014.63,Yes
1707955790,Partly Cloudy,9.977777778,8.994444444,0.84,8.0017,151,11.0285,1014.82,Yes
1707143521,Mostly Cloudy,12.2,12.2,0.73,2.4633,355,9.982,1014.82,Yes
1713850978,Mostly Cloudy,13.96111111,13.96111111,0.67,9.3058,123,9.982,1015,Yes
1726700283,Mostly Cloudy,14.94444444,14.94444444,0.67,7.1645,132,10.3523,1014.9,Yes
1717947427,Mostly Cloudy,16.18333333,16.18333333,0.71,11.753,199,9.982,1014.35,Yes
1733956371,Partly Cloudy,16.36666667,16.36666667,0.61,7.1323,227,11.27,1014.51,Yes
1735363535,Partly Cloudy,17.37222222,17.37222222,0.57,3.6225,251,11.4471,1014.32,Yes
1708309286,Partly Cloudy,17.67222222,17.67222222,0.51,1.7549,156,11.27,1013.93,Yes
1721531382,Partly Cloudy,17.72222222,17.72222222,0.53,8.6779,113,11.27,1013.45,Yes
1704871959,Partly Cloudy,16.23888889,16.23888889,0.61,2.8336,261,11.3988,1013.43,Yes
1719201815,Mostly Cloudy,14.06666667,14.06666667,0.71,9.2414,357,11.2056,1013.58,Yes
1718194435,Partly Cloudy,13.95555556,13.95555556,0.76,7.4221,147,11.2056,1013.24,Yes
1712911062,Partly Cloudy,12.28888889,12.28888889,0.8,3.542,161,11.0285,1013.7,Yes
1724146615,Partly Cloudy,10.02222222,10.02222222,0.86,3.1073,149,9.9015,1014.14,Yes
1715243044,Partly Cloudy,9.377777778,8.65,0.86,6.44,190,15.6009,1014.34,Yes
1712207940,Partly Cloudy,9.416666667,9.416666667,0.9,4.6046,138,14.7154,1014.6,Yes
1714807735,Partly Cloudy,11.82777778,11.82777778,0.92,3.0268,311,15.8263,1011.68,Yes
1711937087,Foggy,10.76111111,10.76111111,0.91,5.1681,178,0.6118,1011.98,Yes
1732065378,Mostly Cloudy,12.15555556,12.15555556,0.95,2.8497,298,3.6386,1015.64,Yes
1720212904,Foggy,9.672222222,9.188888889,0.94,5.7155,123,0.6118,1012.26,Yes
1727880066,Foggy,8.15,7.15,0.94,6.762,10,0.6118,1012.63,Yes
1713347890,Foggy,10.2,10.2,0.95,5.6189,133,1.1109,1012.62,Yes
1705094651,Foggy,10.11666667,10.11666667,0.99,2.254,127,0.5152,1012.85,Yes
1712586111,Foggy,10.16111111,10.16111111,0.99,0.3381,81,0.4347,1013.61,Yes
1728878587,Foggy,11.24444444,11.24444444,0.98,2.7531,358,0.6923,1013.9,Yes
1708169995,Foggy,12.24444444,12.24444444,0.99,2.254,152,2.2057,1014.31,Yes
1730293319,Overcast,13.91111111,13.91111111,0.92,8.0983,135,4.2021,1014.43,Yes
1723362363,Partly Cloudy,15.61666667,15.61666667,0.82,2.2862,153,6.3112,1014.73,Yes
1730790835,Partly Cloudy,15.07222222,15.07222222,0.86,3.2844,120,6.3434,1014.92,Yes
1721322519,Partly Cloudy,15.07222222,15.07222222,0.82,7.5992,162,8.1949,1014.73,Yes
1724821770,Overcast,14.26666667,14.26666667,0.87,10.5616,134,6.8908,1014.92,Yes
1725550562,Mostly Cloudy,16.01666667,16.01666667,0.81,6.6654,115,7.2772,1014.76,Yes
1729085973,Overcast,15.02777778,15.02777778,0.86,7.7119,139,7.2772,1014.37,Yes
1714328696,Overcast,13.94444444,13.94444444,0.89,7.2772,152,6.3112,1014.83,Yes
1730795778,Overcast,12.91666667,12.91666667,0.95,11.4793,310,4.7495,1015.11,Yes
1721635221,Overcast,12.89444444,12.89444444,0.95,5.2808,347,5.2164,1015.14,Yes
1704691627,Overcast,12.4,12.4,0.98,2.3506,72,5.8282,1015.5,Yes
1713359936,Clear,12.26666667,12.26666667,0.99,8.05,320,6.1985,1015.76,Yes
1722960486,Mostly Cloudy,12.22222222,12.22222222,0.96,6.1985,349,6.1985,1016.35,Yes
1713701245,Mostly Cloudy,11.25,11.25,0.96,2.7692,335,3.8318,1016.38,Yes
1708731382,Mostly Cloudy,11.52777778,11.52777778,0.96,3.1556,358,4.508,1016.43,Yes
1711723603,Foggy,11.53888889,11.53888889,0.96,5.9892,301,3.1234,1016.56,Yes
1722777732,Foggy,9.438888889,8.85,0.96,5.9731,326,1.8032,1017.23,Yes
1711585404,Overcast,11.43888889,11.43888889,0.96,6.279,340,3.8801,1016.17,Yes
1705063680,Overcast,11.39444444,11.39444444,0.96,6.44,350,3.864,1016.25,Yes
1728451779,Overcast,11.52777778,11.52777778,0.96,6.4239,332,3.2522,1016.13,Yes
1717881007,Foggy,11.95,11.95,0.93,4.83,340,0.644,1016.17,Yes
1727909683,Foggy,11.97222222,11.97222222,1,9.66,10,1.2558,1016.45,Yes
1725856041,Foggy,12.63333333,12.63333333,0.96,7.6636,7,2.3506,1016.94,Yes
1729573565,Overcast,12.75555556,12.75555556,0.96,7.9695,1,4.025,1017.06,No
1723696865,Overcast,13.84444444,13.84444444,0.9,7.9212,30,4.4919,1017.45,No
1731252829,Overcast,13.17222222,13.17222222,0.94,10.3845,8,6.2629,1017.77,No
1707831301,Mostly Cloudy,15.06666667,15.06666667,0.86,8.1466,345,6.1985,1017.73,No
1706152062,Partly Cloudy,17.24444444,17.24444444,0.75,7.1645,308,11.27,1017.53,No
1706718232,Partly Cloudy,16.31666667,16.31666667,0.76,13.3469,352,11.0285,1017.31,No
1728662730,Partly Cloudy,17.38333333,17.38333333,0.74,13.6206,353,11.27,1016.82,No
1709166671,Mostly Cloudy,15.27222222,15.27222222,0.76,8.2754,85,11.27,1016.6,No
1717804103,Partly Cloudy,17.45555556,17.45555556,0.72,5.2808,49,11.0768,1016.39,No
1735343614,Partly Cloudy,16.22222222,16.22222222,0.77,11.1573,21,11.27,1016.33,No
1706671013,Partly Cloudy,15.08333333,15.08333333,0.82,3.6869,23,11.27,1016.52,No
1724531148,Partly Cloudy,13.99444444,13.99444444,0.88,1.1431,35,9.6278,1016.81,No
1705903246,Partly Cloudy,12.17222222,12.17222222,0.92,0.6601,30,8.1305,1017.34,No
1727718770,Foggy,11.08888889,11.08888889,0.95,4.8461,56,1.0626,1017.54,No
1709324671,Foggy,11.09444444,11.09444444,0.95,3.381,11,1.7871,1017.43,No
1729830550,Foggy,9.883333333,9.883333333,0.96,3.3649,349,1.0626,1017.65,No
1707793263,Clear,9.355555556,8.633333333,0.96,6.4239,321,3.3649,1017.56,No
1726887409,Clear,9.861111111,9.861111111,0.96,3.2361,319,4.4597,1016.16,No
1733251758,Foggy,8.272222222,8.272222222,0.99,3.3166,313,1.9159,1017.16,No
1719024550,Foggy,8.866666667,8.866666667,0.96,2.6243,337,1.7549,1017.15,No
1706124050,Foggy,8.816666667,8.816666667,0.96,3.9445,335,2.3667,1017.28,No
1705651054,Foggy,7.155555556,7.155555556,1,1.8515,319,0.2898,1017.15,No
1729752676,Foggy,8.85,8.85,0.99,3.4776,295,1.7549,1017.36,No
1731743620,Foggy,11.17777778,11.17777778,0.93,2.8819,285,2.5599,1017.7,No
1723546293,Mostly Cloudy,12.38888889,12.38888889,0.98,3.4293,349,6.2951,1017.72,No
1706541075,Mostly Cloudy,14.14444444,14.14444444,0.88,4.8783,339,9.982,1017.82,No
1720248068,Partly Cloudy,17.1,17.1,0.72,3.059,308,11.0768,1017.77,No
1724721021,Partly Cloudy,18.93888889,18.93888889,0.64,4.2021,306,11.27,1017.3,No
1716472905,Partly Cloudy,17.91666667,17.91666667,0.68,4.0894,6,11.27,1016.9,No
1714208461,Partly Cloudy,19.98333333,19.98333333,0.53,1.2236,72,11.1412,1016.4,No
1730433973,Partly Cloudy,20.07222222,20.07222222,0.62,9.0643,352,11.27,1015.9,No
1735006731,Partly Cloudy,20.07222222,20.07222222,0.56,9.4829,2,11.27,1015.29,No
1733638824,Partly Cloudy,20.08333333,20.08333333,0.58,7.4865,15,11.3988,1014.9,No
1726532704,Partly Cloudy,19.08888889,19.08888889,0.63,9.1287,23,11.2056,1014.68,No
1706838609,Partly Cloudy,17.45,17.45,0.62,7.567,24,11.2056,1014.78,No
1711407455,Partly Cloudy,15.56666667,15.56666667,0.74,0.5152,116,9.982,1015.04,No
1729463461,Clear,12.49444444,12.49444444,0.91,3.9445,197,9.982,1015.51,No
1719568148,Clear,12.24444444,12.24444444,0.89,1.5295,140,15.8263,1015.72,No
1729968874,Clear,11.41666667,11.41666667,0.92,2.9624,275,14.9569,1015.79,Yes
1724827280,Clear,10.55555556,10.55555556,0.95,6.0375,290,14.812,1015.83,Yes
1720996669,Clear,10.46666667,10.46666667,0.93,3.0751,270,9.8049,1015.95,Yes
1728198105,Partly Cloudy,10.25,10.25,0.95,5.2969,278,4.7495,1017.13,Yes
1722725613,Clear,9.355555556,9.355555556,0.96,1.5295,100,4.025,1015.82,Yes
1732006750,Foggy,8.311111111,8.311111111,0.96,3.22,300,2.0286,1015.82,Yes
1724791371,Foggy,8.811111111,8.811111111,0.96,3.3971,333,1.7388,1015.89,Yes
1718050241,Foggy,8.733333333,7.933333333,0.93,6.3434,304,0.7889,1015.83,Yes
1726292778,Partly Cloudy,11.93333333,11.93333333,0.93,11.27,140,9.8049,1016.12,Yes
1714593299,Partly Cloudy,14.51666667,14.51666667,0.84,1.7066,129,9.5473,1016.23,Yes
1705126663,Partly Cloudy,18.73333333,18.73333333,0.68,3.22,300,9.982,1016.23,Yes
1722881522,Partly Cloudy,20.02777778,20.02777778,0.6,7.245,160,9.982,1016.38,Yes
1717144485,Partly Cloudy,21.03888889,21.03888889,0.55,6.4883,209,10.0303,1016.66,Yes
1712247783,Partly Cloudy,20.73888889,20.73888889,0.46,6.5044,179,15.8746,1016.58,Yes
1720705134,Partly Cloudy,22.31666667,22.31666667,0.48,7.5348,235,11.27,1016.27,Yes
1711795174,Partly Cloudy,22.11111111,22.11111111,0.5,6.4561,145,11.4471,1015.96,Yes
1708619259,Partly Cloudy,22.73333333,22.73333333,0.38,1.0143,262,10.0464,1015.34,Yes
1714924831,Partly Cloudy,22.77777778,22.77777778,0.37,5.1842,90,10.0464,1014.7,Yes
1705034923,Partly Cloudy,21.21666667,21.21666667,0.41,7.2772,58,11.4471,1015.2,Yes
1708241738,Partly Cloudy,20.18333333,20.18333333,0.45,1.4812,179,10.0464,1014.87,Yes
1726174320,Partly Cloudy,18.01111111,18.01111111,0.68,0.322,157,9.982,1014.78,Yes
1730307607,Partly Cloudy,17.42222222,17.42222222,0.65,0.5313,139,9.982,1015.54,Yes
1723543708,Partly Cloudy,13.96111111,13.96111111,0.82,0,0,9.982,1016.01,Yes
1726154682,Partly Cloudy,13.28888889,13.28888889,0.89,2.8819,329,15.8263,1016.52,Yes
1731310908,Partly Cloudy,12.32222222,12.32222222,0.89,2.4794,262,9.982,1016.96,Yes
1731542094,Partly Cloudy,11.11666667,11.11666667,0.95,3.1717,268,6.2951,1017.04,Yes
1716436096,Partly Cloudy,10.53333333,10.53333333,0.95,11.27,280,6.2951,1017.33,Yes
1717430997,Clear,12.38333333,12.38333333,0.8,4.6207,172,14.168,1019.59,Yes
1709010262,Partly Cloudy,9.861111111,9.861111111,0.96,3.0751,273,3.8318,1017.25,Yes
1725631236,Partly Cloudy,8.872222222,8.872222222,0.95,1.5295,320,3.3649,1017.42,Yes
1734620507,Partly Cloudy,8.672222222,8.672222222,0.94,3.6386,317,4.2826,1017.74,Yes
1705286602,Foggy,7.688888889,7.688888889,1,0,0,0.7406,1018.13,Yes
1729621101,Clear,10.91111111,10.91111111,0.99,1.61,210,4.1216,1018.62,Yes
1716088327,Clear,14.83888889,14.83888889,0.82,2.6565,193,8.3398,1019.08,Yes
1710670491,Clear,18.8,18.8,0.65,1.5295,140,9.982,1019.11,Yes
1725721819,Clear,21.09444444,21.09444444,0.49,4.8783,199,9.982,1019.5,Yes
1729922456,Partly Cloudy,22.02777778,22.02777778,0.49,4.2826,226,11.0285,1019.86,Yes
1714898064,Partly Cloudy,22.82777778,22.82777778,0.47,3.6225,188,11.2056,1019.79,Yes
1726352481,Partly Cloudy,22.91666667,22.91666667,0.37,4.5563,292,9.982,1019.47,Yes
1732356431,Partly Cloudy,23.91666667,23.91666667,0.37,6.2951,154,10.3523,1019.25,Yes
1717622625,Partly Cloudy,23.91111111,23.91111111,0.4,2.5599,333,9.982,1018.89,Yes
1710818886,Partly Cloudy,23.93333333,23.93333333,0.37,4.347,178,9.982,1018.6,Yes
1710818883,Partly Cloudy,23.91666667,23.91666667,0.32,1.1753,205,10.3523,1018.67,Yes
1710818889,Partly Cloudy,22.82222222,22.82222222,0.44,3.1234,214,9.982,1018.59,Yes
1710818884,Partly Cloudy,21.22777778,21.22777778,0.48,0.4025,181,9.982,1018.67,Yes
1710818890,Partly Cloudy,19.07777778,19.07777778,0.51,2.6887,185,9.982,1019.22,Yes
1710818884,Partly Cloudy,17.06111111,17.06111111,0.63,1.5778,228,9.982,1019.88,Yes
1710818890,Clear,14.90555556,14.90555556,0.72,3.7513,136,15.8263,1019.91,Yes
1710818884,Clear,13.08333333,13.08333333,0.87,3.4132,185,14.9569,1020.02,Yes
1710818887,Clear,12.71111111,12.71111111,0.89,3.2522,169,15.8263,1020.11,Yes
1710818890,Clear,12.12777778,12.12777778,0.89,3.1717,148,14.9086,1020.12,Yes
1710818891,Clear,11.81111111,11.81111111,0.84,4.991,68,14.9569,1018.38,Yes
1710818889,Clear,12.01666667,12.01666667,0.8,6.2629,169,14.9086,1019.91,Yes
1710818889,Clear,12.04444444,12.04444444,0.8,6.4239,187,14.812,1020.03,Yes
1710818886,Partly Cloudy,10.62777778,10.62777778,0.86,9.7083,151,14.0875,1020.39,Yes
1710818883,Clear,9.911111111,8.688888889,0.99,9.1448,141,6.118,1020.6,Yes
1710818889,Mostly Cloudy,12.55555556,12.55555556,0.9,7.7441,169,9.9015,1020.81,Yes
1710818883,Partly Cloudy,15.00555556,15.00555556,0.78,8.7584,154,9.9015,1021.01,Yes
1710818889,Partly Cloudy,17.33888889,17.33888889,0.74,12.1877,150,9.982,1020.94,Yes
1710818888,Partly Cloudy,19.1,19.1,0.67,12.6224,150,9.982,1020.66,Yes
1710818890,Partly Cloudy,21.26111111,21.26111111,0.57,9.9176,147,10.3523,1020.53,Yes
1710818887,Partly Cloudy,22.41111111,22.41111111,0.54,11.4471,168,11.2056,1020.16,Yes
1710818885,Mostly Cloudy,22.93888889,22.93888889,0.5,8.5491,155,11.2056,1019.95,Yes
1710818886,Mostly Cloudy,23.92777778,23.92777778,0.47,11.3022,153,11.3988,1019.43,Yes
1710818887,Mostly Cloudy,23.96111111,23.96111111,0.47,8.3076,142,9.982,1018.97,Yes
1710818890,Mostly Cloudy,23.96111111,23.96111111,0.38,8.5813,150,9.982,1018.28,Yes
1710818890,Mostly Cloudy,23.11111111,23.11111111,0.42,10.7065,145,10.3523,1017.97,Yes
1710818886,Mostly Cloudy,22.82222222,22.82222222,0.44,12.4936,178,9.982,1017.68,Yes
1710818888,Mostly Cloudy,21.11111111,21.11111111,0.47,5.2164,137,9.982,1017.89,Yes
1710818889,Mostly Cloudy,18.18888889,18.18888889,0.58,4.8622,95,10.3523,1017.96,Yes
1710818890,Mostly Cloudy,16.01666667,16.01666667,0.72,4.6046,50,9.982,1018.31,Yes
1710818884,Partly Cloudy,15.46666667,15.46666667,0.72,6.44,80,15.8263,1018.6,Yes
1710818884,Partly Cloudy,14.60555556,14.60555556,0.76,6.7459,83,14.9569,1018.65,Yes
1710818883,Clear,13.31111111,13.31111111,0.82,3.542,73,15.8263,1018.44,Yes
1710818891,Clear,12.73333333,12.73333333,0.83,3.0751,70,15.8263,1018.23,Yes
1710818887,Partly Cloudy,13.78888889,13.78888889,0.77,6.0858,50,14.9569,1014.58,Yes
1710818883,Partly Cloudy,10.57777778,10.57777778,0.88,6.44,190,15.8263,1018.11,Yes
1710818884,Partly Cloudy,10.48333333,10.48333333,0.92,3.22,340,15.4721,1017.73,Yes
1710818889,Partly Cloudy,10.28888889,10.28888889,0.91,3.7513,48,14.8764,1017.7,Yes
1710818887,Clear,9.972222222,9.972222222,0.92,1.5617,106,10.9802,1017.62,Yes
1710818891,Mostly Cloudy,13.63888889,13.63888889,0.9,2.7048,193,9.8049,1017.54,Yes
1710818884,Mostly Cloudy,16.73888889,16.73888889,0.74,7.245,147,10.3523,1017.7,Yes
1710818883,Mostly Cloudy,18.83888889,18.83888889,0.65,3.4132,94,9.982,1017.78,Yes
1710818886,Mostly Cloudy,21.16111111,21.16111111,0.59,4.6046,178,9.982,1017.3,Yes
1710818887,Mostly Cloudy,22.58888889,22.58888889,0.53,4.4275,117,10.4006,1017.19,Yes
1710818889,Mostly Cloudy,22.89444444,22.89444444,0.48,7.6636,53,11.27,1016.68,Yes
1710818891,Mostly Cloudy,24.00555556,24.00555556,0.47,9.66,82,11.2056,1016.08,Yes
1710818883,Mostly Cloudy,24.00555556,24.00555556,0.35,8.0017,70,11.3988,1015.62,Yes
1710818883,Mostly Cloudy,23.97777778,23.97777778,0.44,9.2897,136,11.2056,1014.86,Yes
1710818891,Mostly Cloudy,25.04444444,25.04444444,0.32,3.5903,185,11.2056,1013.97,Yes
1710818887,Mostly Cloudy,24.07777778,24.07777778,0.35,4.9588,101,10.3523,1013.39,Yes
1710818889,Mostly Cloudy,22.38333333,22.38333333,0.45,9.4829,102,9.982,1013.18,Yes
1710818891,Mostly Cloudy,21.20555556,21.20555556,0.52,3.6869,101,9.982,1013.21,Yes
1710818890,Mostly Cloudy,18.26111111,18.26111111,0.62,6.2146,28,10.3523,1013.75,Yes
1710818889,Mostly Cloudy,17.2,17.2,0.67,14.49,30,9.982,1014.13,Yes
1710818884,Partly Cloudy,15.99444444,15.99444444,0.75,3.1073,54,9.982,1014.13,Yes
1710818884,Clear,15.96111111,15.96111111,0.79,12.2843,23,11.9301,1014.06,Yes
1710818887,Mostly Cloudy,15.44444444,15.44444444,0.72,13.846,31,15.8263,1013.92,Yes
1710818889,Partly Cloudy,14.37222222,14.37222222,0.75,10.9963,52,15.8263,1013.82,Yes
1710818883,Mostly Cloudy,13.60555556,13.60555556,0.9,9.982,53,12.0428,1012.67,Yes
1710818891,Partly Cloudy,12.82222222,12.82222222,0.82,6.2468,48,15.8263,1013.04,Yes
1710818882,Partly Cloudy,12.75,12.75,0.83,3.3488,72,15.8263,1013.03,Yes
1710818887,Partly Cloudy,11.41666667,11.41666667,0.92,6.2307,38,15.2628,1012.98,Yes
1710818883,Partly Cloudy,12.33333333,12.33333333,0.86,2.4633,139,9.982,1012.83,Yes
1710818882,Mostly Cloudy,14.90555556,14.90555556,0.78,10.2879,160,9.982,1013.03,Yes
1710818882,Mostly Cloudy,15.89444444,15.89444444,0.74,10.2879,154,9.982,1013.13,Yes
1710818891,Mostly Cloudy,17.22777778,17.22777778,0.72,12.0589,147,9.982,1013.13,Yes
1710818889,Mostly Cloudy,17.82777778,17.82777778,0.73,7.4704,166,9.982,1013.1,Yes
1710818889,Mostly Cloudy,17.91666667,17.91666667,0.72,10.0947,158,9.982,1013.17,Yes
1710818888,Mostly Cloudy,19.05555556,19.05555556,0.67,9.0965,128,9.982,1013,Yes
1710818891,Mostly Cloudy,20.14444444,20.14444444,0.67,7.5187,177,9.982,1012.69,Yes
1710818882,Mostly Cloudy,20.26111111,20.26111111,0.62,3.8962,166,9.982,1012.54,Yes
1710818882,Mostly Cloudy,21.20555556,21.20555556,0.62,4.6368,170,9.982,1011.87,Yes
1710818885,Overcast,21.25555556,21.25555556,0.67,4.8944,164,9.982,1011.19,Yes
1710818889,Overcast,20.23333333,20.23333333,0.66,7.2128,161,9.982,1011.17,Yes
1710818889,Overcast,19.07777778,19.07777778,0.71,7.6475,153,9.982,1011.08,Yes
1710818886,Mostly Cloudy,17.94444444,17.94444444,0.77,10.5777,142,9.982,1011.28,Yes
1710818883,Mostly Cloudy,15.49444444,15.49444444,0.82,20.608,151,11.0285,1012.08,Yes
1710818886,Mostly Cloudy,14.14444444,14.14444444,0.89,8.4364,146,9.9015,1012.64,Yes
1710818890,Mostly Cloudy,14.53888889,14.53888889,0.86,11.0768,103,11.8979,1012.79,Yes
1710818888,Mostly Cloudy,14.13888889,14.13888889,0.86,3.6708,142,11.6886,1012.79,Yes
1710818884,Mostly Cloudy,13.4,13.4,0.9,3.5098,116,11.9784,1012.56,Yes
1710818883,Mostly Cloudy,13.42777778,13.42777778,0.9,3.3488,71,11.9784,1012.8,Yes
1710818891,Partly Cloudy,11.58888889,11.58888889,0.74,5.474,139,14.9569,1009.9,Yes
1710818882,Mostly Cloudy,14.42222222,14.42222222,0.83,10.7709,63,14.9086,1011.91,Yes
1710818884,Mostly Cloudy,13.91666667,13.91666667,0.86,10.6904,72,14.812,1011.72,Yes
1710818883,Mostly Cloudy,13.4,13.4,0.9,10.3201,82,14.0875,1011.51,Yes
1710818887,Overcast,13.86666667,13.86666667,0.9,7.9373,106,9.9015,1011.51,Yes
1710818891,Mostly Cloudy,14.90555556,14.90555556,0.84,11.27,108,9.7566,1011.6,Yes
1710818890,Mostly Cloudy,15.93333333,15.93333333,0.74,10.6743,132,9.4346,1011.59,Yes
1710818888,Mostly Cloudy,17.12777778,17.12777778,0.65,19.8996,138,9.9015,1011.41,No
1710818883,Mostly Cloudy,18.75,18.75,0.58,19.4166,157,9.9015,1011.2,No
1710818883,Mostly Cloudy,18.96111111,18.96111111,0.6,17.0499,147,9.982,1011.25,No
1710818883,Mostly Cloudy,19.99444444,19.99444444,0.54,16.8728,136,10.0464,1010.98,No
1710818890,Mostly Cloudy,21.11111111,21.11111111,0.5,17.3397,129,10.0464,1010.48,No
1710818884,Mostly Cloudy,21.09444444,21.09444444,0.46,21.9604,140,10.4006,1010.24,No
1710818886,Partly Cloudy,21.17777778,21.17777778,0.43,19.8191,157,10.0464,1009.55,No
1710818885,Partly Cloudy,21.22777778,21.22777778,0.41,16.4703,156,11.27,1009.04,No
1710818890,Partly Cloudy,20.1,20.1,0.45,13.7977,137,11.4471,1008.55,No
1710818883,Mostly Cloudy,19.02777778,19.02777778,0.51,9.7888,147,11.27,1008.17,No
1710818886,Mostly Cloudy,17.85,17.85,0.59,14.0553,121,11.2056,1008.46,No
1712943487,Mostly Cloudy,16.26111111,16.26111111,0.66,11.2861,122,9.9015,1008.94,No
1721354227,Partly Cloudy,14.98333333,14.98333333,0.72,13.9426,129,11.27,1009.55,Yes
1713246970,Mostly Cloudy,14.46666667,14.46666667,0.65,11.0285,139,14.812,1009.57,Yes
1723561038,Partly Cloudy,13.94444444,13.94444444,0.6,10.8031,150,14.9569,1009.53,Yes
1731367958,Partly Cloudy,12.31666667,12.31666667,0.65,11.1734,139,15.8263,1009.56,Yes
1723661173,Partly Cloudy,11.76111111,11.76111111,0.66,10.8997,159,15.8263,1009.47,Yes
1729941705,Mostly Cloudy,10.82777778,10.82777778,0.62,13.1859,142,14.9569,1011.18,Yes
1712194777,Partly Cloudy,10.13888889,10.13888889,0.73,10.948,141,15.8263,1009.25,Yes
1719880805,Partly Cloudy,10.62777778,10.62777778,0.71,11.109,160,14.9086,1008.87,Yes
1714075722,Partly Cloudy,10.60555556,10.60555556,0.69,13.524,157,14.9569,1008.82,Yes
1707791522,Mostly Cloudy,10.07222222,10.07222222,0.71,15.5848,139,9.982,1008.84,Yes
1713451048,Mostly Cloudy,11.16111111,11.16111111,0.71,21.5257,149,9.982,1009.07,Yes
1733055530,Partly Cloudy,12.88888889,12.88888889,0.67,22.9586,150,10.3523,1009.23,Yes
1716985988,Clear,15.05,15.05,0.6,26.4845,149,11.2056,1009.25,Yes
1718519519,Mostly Cloudy,15.16111111,15.16111111,0.59,26.726,149,9.982,1009.44,Yes
1722163849,Mostly Cloudy,16.27222222,16.27222222,0.56,23.3611,149,10.3523,1009.76,Yes
1708901131,Mostly Cloudy,17.8,17.8,0.46,28.0623,148,9.982,1009.34,Yes
1726185006,Mostly Cloudy,17.93888889,17.93888889,0.46,27.9013,158,9.982,1009.14,Yes
1732817231,Mostly Cloudy,18.85555556,18.85555556,0.41,25.7439,155,10.3523,1009.01,Yes
1706970442,Mostly Cloudy,17.98888889,17.98888889,0.43,26.3557,158,9.982,1008.83,Yes
1727878242,Mostly Cloudy,17.96111111,17.96111111,0.51,25.0516,129,9.982,1008.43,Yes
1729215506,Mostly Cloudy,17.36111111,17.36111111,0.47,25.5668,141,10.3523,1008.7,Yes
1723447233,Mostly Cloudy,16.25,16.25,0.52,23.3289,148,9.982,1009.03,Yes
1705044164,Mostly Cloudy,14.12222222,14.12222222,0.47,20.0284,158,9.982,1009.42,Yes
1712825705,Mostly Cloudy,12.95,12.95,0.55,14.9569,157,10.3523,1010.18,Yes
1722674799,Mostly Cloudy,12.24444444,12.24444444,0.52,22.9425,160,9.982,1010.85,Yes
1704654126,Mostly Cloudy,11.68888889,11.68888889,0.57,19.6581,159,15.8263,1011.08,Yes
1709504018,Mostly Cloudy,11.15555556,11.15555556,0.59,20.7368,157,14.9569,1011.22,Yes
1713912671,Partly Cloudy,9.216666667,8.627777778,0.9,5.8443,189,14.6349,1014.24,Yes
1734085842,Partly Cloudy,8.683333333,8.2,0.9,5.2486,246,11.6725,1014.73,Yes
1721767382,Mostly Cloudy,9.188888889,7.3,0.77,12.3165,328,14.9569,1013.46,Yes
1716503193,Partly Cloudy,8.594444444,7.788888889,0.93,6.2951,80,11.6725,1014.81,Yes
1735438853,Partly Cloudy,7.505555556,7.505555556,0.93,1.8515,149,9.6761,1014.35,Yes
1715844894,Partly Cloudy,6.216666667,4.194444444,0.95,9.6761,302,9.6922,1014.42,Yes
1727538080,Foggy,5.855555556,5.855555556,0.93,0.4347,53,0.4669,1014.35,Yes
1726086880,Clear,5.933333333,5.933333333,1,0.1449,230,5.8443,1014.55,Yes
1731644044,Clear,10.40555556,10.40555556,1,0.7245,18,5.3935,1014.91,Yes
1727361528,Partly Cloudy,12.54444444,12.54444444,0.78,7.2611,159,9.5312,1014.44,Yes
1710141839,Partly Cloudy,13.86111111,13.86111111,0.77,3.8801,245,11.1251,1014.52,Yes
1723598778,Partly Cloudy,15.97777778,15.97777778,0.63,4.669,291,11.3988,1014.75,Yes
1734909910,Partly Cloudy,17.26666667,17.26666667,0.57,5.474,312,11.27,1014.41,Yes
1722183660,Partly Cloudy,17.84444444,17.84444444,0.5,2.6726,211,11.27,1014.02,Yes
1705103186,Partly Cloudy,16.42777778,16.42777778,0.54,3.9928,296,10.8997,1013.55,Yes
1706650000,Partly Cloudy,17.77777778,17.77777778,0.46,1.6744,264,11.27,1013.02,Yes
1723298393,Partly Cloudy,17.84444444,17.84444444,0.45,4.4275,41,11.27,1011.95,Yes
1719525314,Partly Cloudy,17.3,17.3,0.5,5.6672,12,11.3988,1012.11,No
1723307157,Partly Cloudy,15.18333333,15.18333333,0.65,12.7351,70,11.2056,1012.13,No
1706041373,Mostly Cloudy,13.00555556,13.00555556,0.7,3.7191,62,15.8263,1012.52,No
1722587933,Mostly Cloudy,12.69444444,12.69444444,0.74,7.9373,307,9.982,1013.08,No
1706554033,Partly Cloudy,12.19444444,12.19444444,0.72,9.7083,339,9.982,1013.35,No
1721223769,Partly Cloudy,12.08333333,12.08333333,0.71,16.9855,348,15.8263,1013.19,No
1734652971,Partly Cloudy,10.61666667,10.61666667,0.74,10.8514,311,14.9569,1013.54,No
1706583568,Mostly Cloudy,11.6,11.6,0.57,16.9855,150,15.8263,1011.68,No
1727007028,Mostly Cloudy,11.02222222,11.02222222,0.6,16.9211,140,15.8263,1011.79,No
1707746403,Mostly Cloudy,11.88888889,11.88888889,0.6,15.939,150,14.9569,1013.76,Yes
1706935117,Mostly Cloudy,10.41666667,10.41666667,0.64,16.6474,139,15.8263,1011.39,Yes
1720661642,Mostly Cloudy,10.3,10.3,0.67,13.3952,138,15.8263,1011.42,Yes
1719605475,Mostly Cloudy,9.483333333,7.5,0.72,13.3791,119,14.9569,1011.65,Yes
1731900788,Mostly Cloudy,9.772222222,7.933333333,0.68,12.8317,117,9.982,1011.83,Yes
1724460791,Mostly Cloudy,10.93333333,10.93333333,0.67,11.1412,98,9.982,1012.42,Yes
1705376907,Mostly Cloudy,11.65555556,11.65555556,0.66,7.1806,90,15.3111,1012.96,Yes
1725014123,Mostly Cloudy,13.93888889,13.93888889,0.55,21.5579,128,9.982,1012.97,Yes
1711964819,Mostly Cloudy,15.02777778,15.02777778,0.54,17.3075,129,9.982,1013.36,Yes
1723405638,Mostly Cloudy,16.03888889,16.03888889,0.47,24.5203,132,11.4471,1013.41,Yes
1704748658,Mostly Cloudy,15.22777778,15.22777778,0.51,20.3665,147,11.2056,1013.34,Yes
1723780128,Mostly Cloudy,16.20555556,16.20555556,0.44,14.4417,129,11.2056,1013.62,Yes
1704956043,Partly Cloudy,17.3,17.3,0.43,18.0159,124,11.3988,1013.28,Yes
1732727227,Partly Cloudy,17.77777778,17.77777778,0.43,15.8263,158,11.2056,1012.98,No
1725085781,Partly Cloudy,17.8,17.8,0.38,17.2431,148,11.2056,1012.5,No
1709574541,Partly Cloudy,17.26111111,17.26111111,0.39,16.8728,150,11.3988,1012.61,No
1724137974,Mostly Cloudy,17.2,17.2,0.38,15.3111,158,11.2056,1012.88,No
1722858648,Mostly Cloudy,15.02222222,15.02222222,0.45,20.9139,168,9.982,1012.98,No
1709151679,Mostly Cloudy,13.92777778,13.92777778,0.47,13.3469,166,10.3523,1013.73,No
1731817263,Mostly Cloudy,12.36666667,12.36666667,0.57,9.4346,159,9.982,1014.17,No
1726016100,Mostly Cloudy,12.29444444,12.29444444,0.59,6.7781,152,15.8263,1014.46,No
1713259109,Mostly Cloudy,12.78888889,12.78888889,0.56,14.4095,160,15.3111,1014.45,No
1728366362,Partly Cloudy,9.533333333,8.677777778,0.76,7.084,310,15.8263,1013.49,No
1717621764,Mostly Cloudy,9.972222222,7.966666667,0.71,14.4256,310,15.8263,1013.41,No
1706846836,Partly Cloudy,4.911111111,4.911111111,0.91,1.0143,140,3.4454,1015.4,No
1729767010,Partly Cloudy,7.916666667,5.855555556,0.78,11.6725,320,15.8263,1013.19,No
1728973757,Partly Cloudy,7.383333333,4.755555556,0.82,14.6188,319,15.8263,1012.8,Yes
1733943889,Mostly Cloudy,7.972222222,5.894444444,0.82,11.8496,309,14.8764,1013.1,Yes
1732913585,Overcast,8.816666667,6.538888889,0.84,14.49,320,10.948,1013.14,Yes
1714290904,Mostly Cloudy,8.794444444,5.555555556,0.84,23.3289,320,10.948,1013.64,Yes
1710325161,Overcast,7.888888889,4.088888889,0.89,26.8387,330,11.2056,1014.12,Yes
1716147059,Overcast,7.8,4.333333333,0.96,22.7815,329,7.9695,1014.48,Yes
1708966120,Overcast,7.822222222,5.35,0.95,14.2163,328,6.118,1014.97,Yes
1711308835,Overcast,7.944444444,6.233333333,0.95,9.7727,299,10.0625,1015.66,Yes
1735352440,Overcast,8.077777778,5.455555556,0.94,15.778,291,11.27,1015.89,Yes
1715282873,Overcast,10.22777778,10.22777778,0.81,11.3183,291,11.27,1015.69,Yes
1711804458,Overcast,11.36111111,11.36111111,0.74,4.2021,292,11.0768,1015.59,Yes
1735364370,Mostly Cloudy,12.45,12.45,0.7,1.3041,173,11.27,1015.24,Yes
1704737811,Partly Cloudy,12.91666667,12.91666667,0.67,3.6869,129,11.2056,1014.77,Yes
1705862389,Partly Cloudy,12.55,12.55,0.62,6.4078,211,11.3988,1014.73,Yes
1710091695,Partly Cloudy,12.38333333,12.38333333,0.69,9.8049,176,11.2056,1014.49,Yes
1717289107,Partly Cloudy,10.22777778,10.22777778,0.75,8.4042,164,11.2056,1014.7,Yes
1708200954,Partly Cloudy,9.227777778,7.811111111,0.78,9.5151,152,9.982,1015.38,Yes
1729449659,Clear,7.827777778,6.622222222,0.87,7.3738,152,9.982,1015.81,Yes
1730513240,Clear,6.677777778,5.727777778,0.91,5.796,155,15.8263,1015.89,Yes
1714241493,Clear,6.122222222,4.938888889,0.91,6.279,156,14.168,1015.9,Yes
1710818886,Partly Cloudy,5.327777778,4.15,0.95,5.8926,157,8.1305,1015.92,Yes
1710818890,Clear,4.355555556,1.705555556,0.95,10.9158,190,3.3649,1015.89,Yes
1710818884,Mostly Cloudy,9.272222222,9.272222222,0.89,3.6386,194,15.0052,1007.55,Yes
1710818885,Partly Cloudy,4.261111111,2.866666667,0.92,6.0697,171,4.7495,1015.21,Yes
1710818890,Partly Cloudy,3.216666667,1.666666667,0.92,6.0697,178,5.2164,1015.18,No
1710818886,Partly Cloudy,3.905555556,2.516666667,0.92,5.8926,183,5.9248,1014.89,No
1710818889,Foggy,2.711111111,0.472222222,0.96,7.9695,167,0.5152,1014.29,No
1710818887,Foggy,3.816666667,2.644444444,1,5.2808,169,2.737,1014.35,No
1710818890,Clear,6.883333333,5.105555556,0.93,9.1126,135,5.6833,1014,No
1710818891,Mostly Cloudy,8.938888889,6.533333333,0.88,15.6814,132,11.2056,1013.53,No
1710818888,Mostly Cloudy,11.20555556,11.20555556,0.79,20.7046,141,9.982,1013.05,No
1710818889,Mostly Cloudy,12.85,12.85,0.7,20.1572,151,11.0285,1012.74,No
1710818889,Mostly Cloudy,13.96111111,13.96111111,0.63,23.9729,160,11.2056,1011.92,No
1710818887,Mostly Cloudy,14.97777778,14.97777778,0.51,23.9568,170,11.2056,1010.87,No
1710818890,Overcast,14.02777778,14.02777778,0.57,22.6849,150,11.3988,1009.99,No
1710818884,Mostly Cloudy,15.02222222,15.02222222,0.51,26.7743,160,11.2056,1008.85,No
1710818890,Mostly Cloudy,15.04444444,15.04444444,0.54,20.8817,160,9.982,1007.74,No
1710818886,Overcast,15.08888889,15.08888889,0.5,17.1948,151,10.3523,1007.07,No
1710818890,Overcast,14.95,14.95,0.51,14.1197,159,11.2056,1006.26,Yes
1710818884,Overcast,13.81666667,13.81666667,0.59,11.1251,140,11.2056,1005.77,Yes
1710818890,Overcast,12.91666667,12.91666667,0.64,11.6886,130,9.982,1005.19,Yes
1710818888,Overcast,13.83888889,13.83888889,0.59,14.2324,149,11.2056,1004.85,Yes
1710818888,Overcast,12.75555556,12.75555556,0.69,6.2629,235,15.8263,1005.49,Yes
1710818890,Overcast,12.65,12.65,0.74,18.1286,229,14.8764,1005.64,Yes
1710818888,Overcast,11.68888889,11.68888889,0.8,11.3183,211,15.7297,1005.45,Yes
1710818883,Overcast,10.62777778,10.62777778,0.88,6.5527,210,15.7297,1005.65,Yes
1710818883,Overcast,5.666666667,3.755555556,0.91,8.7262,303,9.9015,1012.87,Yes
1710818890,Overcast,10.05,10.05,0.92,6.6171,212,14.9569,1006.34,Yes
1710818886,Overcast,9.977777778,9.977777778,0.93,2.5921,168,11.9784,1006.47,Yes
1710818885,Overcast,9.777777778,9.377777778,0.95,5.4579,180,6.6976,1007.16,Yes
1710818885,Overcast,8.661111111,8.661111111,0.99,4.7334,226,10.8836,1007.18,Yes
1710818883,Overcast,7.55,4.261111111,0.95,20.3504,328,3.9767,1007.86,Yes
1710818882,Overcast,7.233333333,4.683333333,0.93,13.846,322,3.6708,1008.4,Yes
1710818884,Overcast,6.044444444,2.011111111,0.92,23.6187,319,3.7513,1008.86,Yes
1710818885,Overcast,6.094444444,2.233333333,0.85,22.0892,329,11.1251,1009.1,Yes
1710818886,Overcast,6.116666667,2.25,0.82,22.1697,331,7.1484,1010.06,No
1710818886,Overcast,6.066666667,2.705555556,0.86,17.7583,342,7.9051,1010.67,Yes
1710818884,Overcast,6.038888889,2.711111111,0.93,17.4524,324,10.9802,1011.06,Yes
1710818889,Overcast,6.888888889,3.205555556,0.93,22.4595,7,9.9498,1011.03,Yes
1710818887,Overcast,7.061111111,4.15,0.86,16.1161,10,7.9695,1011.14,No
1710818884,Overcast,6.038888889,2.344444444,0.93,20.4631,1,11.1251,1011.61,Yes
1710818884,Overcast,6.072222222,2.305555556,0.93,21.1393,0,10.4167,1011.86,Yes
1710818887,Overcast,5.044444444,1.055555556,0.93,20.6885,11,8.1949,1011.93,Yes
1710818885,Overcast,5.022222222,1.944444444,0.92,14.0231,10,8.05,1012.4,Yes
1710818888,Overcast,5.033333333,1.816666667,0.93,14.9408,6,7.3738,1013.23,No
1710818885,Overcast,5,2.438888889,0.93,11.1251,358,11.0446,1013.8,Yes
1710818883,Overcast,4.977777778,1.877777778,0.93,14.1197,339,8.05,1014.08,Yes
1710818890,Overcast,4.933333333,1.538888889,0.87,15.939,348,9.016,1013.96,Yes
1710818891,Overcast,4.466666667,1.277777778,0.92,13.9748,301,9.9015,1013.9,No
1710818886,Overcast,4.444444444,1.194444444,0.92,14.329,310,9.9015,1014.39,Yes
1710818887,Clear,4.011111111,1.044444444,0.83,12.1555,265,13.9104,1016.82,Yes
1710818891,Overcast,4.905555556,1.844444444,0.86,13.7977,320,9.9015,1014.18,Yes
1710818885,Overcast,4.883333333,2.35,0.83,10.8836,338,9.9015,1014.27,Yes
1710818885,Overcast,4.388888889,1.277777778,0.89,13.3952,322,9.016,1014.14,Yes
1710818889,Overcast,4.838888889,1.288888889,0.86,16.8889,320,11.1251,1014.11,Yes
1710818882,Overcast,4.811111111,1.483333333,0.83,15.3433,330,9.982,1014.41,Yes
1710818891,Mostly Cloudy,4.944444444,1.244444444,0.84,18.1769,337,9.982,1014.9,Yes
1710818884,Mostly Cloudy,7.2,4.166666667,0.65,17.3719,0,9.982,1014.98,Yes
1710818891,Partly Cloudy,7.777777778,5.022222222,0.67,16.261,352,11.2056,1014.97,Yes
1710818888,Mostly Cloudy,8.727777778,6.65,0.64,12.9122,359,11.4471,1015.52,Yes
1710818884,Mostly Cloudy,8.983333333,6.055555556,0.57,20.4953,339,11.2056,1015.64,No
1710818888,Partly Cloudy,10,7.1,0.5,23.2162,340,11.2056,1015.72,Yes
1710818886,Mostly Cloudy,10.09444444,10.09444444,0.55,19.2878,339,11.3988,1015.47,Yes
1710818890,Partly Cloudy,11.06111111,11.06111111,0.46,14.2646,337,11.2056,1015.24,No
1710818887,Partly Cloudy,10.13888889,10.13888889,0.42,12.558,337,11.2056,1015.14,Yes
1710818891,Partly Cloudy,11.01111111,11.01111111,0.42,9.3541,312,11.3988,1015.13,Yes
1710818890,Partly Cloudy,10.11666667,10.11666667,0.49,7.6636,335,11.2056,1015.39,No
1710818884,Partly Cloudy,7.916666667,7.916666667,0.57,4.4597,345,11.2056,1015.7,Yes
1710818887,Partly Cloudy,7.333333333,7.333333333,0.63,2.6243,350,11.0285,1016.2,Yes
1710818890,Partly Cloudy,5.05,5.05,0.75,3.059,275,11.2056,1016.83,Yes
1710818885,Clear,3.933333333,2.422222222,0.76,6.2629,268,15.8263,1017.12,No
1710818883,Partly Cloudy,4.094444444,2.583333333,0.77,6.3434,267,14.9569,1017.38,Yes
1710818889,Partly Cloudy,3.8,2.288888889,0.82,6.2146,270,15.7297,1017.32,Yes
1710818885,Clear,2.688888889,-0.155555556,0.85,10.2879,269,6.118,1017.42,Yes
1710818885,Clear,5.066666667,3.938888889,0.81,5.635,181,14.9569,1018.24,Yes
1710818886,Clear,2.6,0.961111111,0.85,6.0536,289,15.6492,1017.33,Yes
1710818887,Partly Cloudy,1.583333333,-0.161111111,0.92,5.9248,351,14.7315,1017.53,Yes
1710818883,Partly Cloudy,2.155555556,2.155555556,0.9,3.2361,271,13.6528,1017.7,Yes
1710818882,Clear,0.955555556,0.955555556,0.92,1.5939,165,6.118,1017.84,Yes
1710818886,Clear,0.955555556,0.955555556,0.92,4.5724,341,4.5885,1018.13,Yes
1710818889,Clear,5.594444444,5.594444444,0.82,0.2254,236,5.8765,1018.47,Yes
1710818890,Clear,9.822222222,7.777777778,0.66,14.49,110,9.982,1018.32,Yes
1710818888,Clear,11.07222222,11.07222222,0.54,1.6744,30,9.982,1018.59,Yes
1710818889,Partly Cloudy,11.05555556,11.05555556,0.48,6.9391,210,11.0285,1018.68,Yes
1710818889,Partly Cloudy,12.24444444,12.24444444,0.43,7.1323,246,11.2056,1018.49,Yes
1710818885,Partly Cloudy,12.85,12.85,0.41,9.1609,216,11.2056,1018.38,Yes
1710818889,Partly Cloudy,12.88888889,12.88888889,0.38,9.5795,199,10.3523,1018.35,Yes
1710818890,Partly Cloudy,12.91666667,12.91666667,0.4,9.4829,218,9.982,1017.58,Yes
1710818886,Partly Cloudy,13.88888889,13.88888889,0.46,10.3845,224,9.982,1017.37,Yes
1710818888,Partly Cloudy,13.02222222,13.02222222,0.48,12.2038,211,10.3523,1017.37,Yes
1710818890,Clear,12.38333333,12.38333333,0.49,12.4453,187,9.982,1017.24,Yes
1710818886,Clear,10.20555556,10.20555556,0.57,9.8371,187,9.982,1017.45,Yes
1710818888,Clear,9.144444444,8.088888889,0.62,7.6475,163,9.982,1017.83,Yes
1710818890,Clear,7.827777778,6.1,0.68,9.7405,160,9.982,1018.17,Yes
1710818889,Clear,7.733333333,6.672222222,0.65,6.7459,161,15.8263,1018.28,Yes
1710818883,Clear,7.144444444,6.138888889,0.69,6.2146,165,14.9569,1018.37,Yes
1710818885,Clear,6.016666667,4.783333333,0.74,6.4078,163,15.8263,1018.39,Yes
1710818888,Clear,5.461111111,4.077777778,0.76,6.601,180,15.8263,1018.49,Yes
1710818891,Partly Cloudy,8.244444444,5.988888889,0.72,13.3791,161,14.9569,1015.16,Yes
1710818883,Clear,3.838888889,2.194444444,0.82,6.6332,169,15.8263,1018.18,Yes
1724451597,Clear,2.244444444,2.244444444,0.91,3.4776,142,14.9086,1018.29,Yes
1723107363,Clear,2.022222222,0.227777778,0.93,6.2307,141,11.2539,1018.28,Yes
1735483373,Clear,2.172222222,-0.866666667,0.92,10.7065,121,5.0393,1018.08,Yes
1723638282,Clear,3.661111111,0.911111111,0.89,10.7226,130,6.9874,1018.6,Yes
1709592184,Clear,6.111111111,3.638888889,0.79,11.8979,141,9.5473,1018.66,Yes
1725813175,Partly Cloudy,10.00555556,10.00555556,0.66,11.4793,142,9.982,1018.38,Yes
1728277645,Clear,12.24444444,12.24444444,0.52,17.8066,160,9.982,1018.46,Yes
1727968746,Clear,12.93888889,12.93888889,0.5,19.6259,150,9.982,1018.34,Yes
1726959478,Partly Cloudy,13.98333333,13.98333333,0.5,20.6241,151,9.982,1017.86,Yes
1728661471,Partly Cloudy,15.09444444,15.09444444,0.44,16.0839,150,9.982,1017.26,Yes
1713325073,Partly Cloudy,16.25,16.25,0.43,14.7798,149,15.3111,1016.76,Yes
1735233795,Mostly Cloudy,17.26666667,17.26666667,0.41,16.1,159,9.982,1016.04,Yes
1735506059,Mostly Cloudy,17.28888889,17.28888889,0.38,16.2288,159,9.982,1015.06,Yes
1723319276,Overcast,17.38888889,17.38888889,0.37,14.1358,167,10.3523,1014.68,Yes
1708901180,Mostly Cloudy,17.28888889,17.28888889,0.38,14.49,159,9.982,1014.36,Yes
1727390846,Partly Cloudy,15.08888889,15.08888889,0.44,9.7083,158,9.982,1014.16,Yes
1721961672,Partly Cloudy,11.71111111,11.71111111,0.58,10.3845,129,9.982,1014.36,Yes
1724456375,Partly Cloudy,11.16111111,11.16111111,0.61,10.9319,130,9.982,1014.6,Yes
1708217578,Partly Cloudy,10.02777778,10.02777778,0.68,11.1734,138,15.8263,1014.69,Yes
1718196723,Partly Cloudy,10.13888889,10.13888889,0.65,13.6206,140,14.9569,1014.51,Yes
1711047396,Partly Cloudy,21.01666667,21.01666667,0.87,3.22,310,15.8263,1012.02,Yes
1723536126,Clear,19.44444444,19.44444444,0.9,6.0375,291,15.8263,1012.22,Yes
1728808303,Mostly Cloudy,20.72222222,20.72222222,0.81,9.2253,354,14.8764,1008.65,Yes
1725507371,Partly Cloudy,18.79444444,18.79444444,0.93,5.9248,272,14.812,1012.11,Yes
1707146738,Partly Cloudy,17.73333333,17.73333333,0.93,3.1234,303,14.812,1011.63,Yes
1710886877,Partly Cloudy,17.60555556,17.60555556,0.95,2.9302,338,14.0231,1011.84,Yes
1733981186,Partly Cloudy,18.73333333,18.73333333,0.93,7.8407,50,9.7566,1011.81,Yes
1706534195,Partly Cloudy,22.55555556,22.55555556,0.8,1.61,20,9.7566,1011.72,Yes
1721990271,Partly Cloudy,24.76111111,24.76111111,0.7,3.1717,41,9.9015,1011.86,Yes
1719942778,Partly Cloudy,27.17222222,28.03333333,0.56,1.7388,139,9.982,1011.67,Yes
1708671532,Mostly Cloudy,28.91111111,30.13888889,0.55,2.9463,75,9.982,1011.27,Yes
1719360912,Mostly Cloudy,30.95555556,31.17222222,0.42,2.7531,186,11.3988,1011.07,Yes
1718235761,Mostly Cloudy,32.17222222,32.22222222,0.38,7.728,161,10.0464,1010.47,Yes
1724587697,Mostly Cloudy,32.12777778,31.27222222,0.32,7.3416,249,10.0464,1010.07,Yes
1728512947,Mostly Cloudy,31.98333333,31.41111111,0.35,7.1645,168,10.3523,1009.69,Yes
1713243675,Mostly Cloudy,32.53888889,32.68888889,0.38,12.6224,199,11.27,1008.95,Yes
1721490919,Partly Cloudy,31.97777778,32.16111111,0.4,12.0911,190,11.27,1008.2,Yes
1720834401,Mostly Cloudy,32.01111111,32.51111111,0.41,8.9194,210,10.3523,1007.57,Yes
1732497813,Mostly Cloudy,30.94444444,30.75,0.39,13.4113,189,9.982,1007.1,Yes
1721499807,Mostly Cloudy,28.57222222,29.15,0.5,7.9695,205,9.9015,1007.04,Yes
1704418576,Mostly Cloudy,27.09444444,28.15,0.59,6.2307,55,10.2718,1007.03,Yes
1725659301,Mostly Cloudy,24.69444444,24.69444444,0.65,4.4275,64,10.0464,1006.95,Yes
1732536815,Partly Cloudy,24.13888889,24.13888889,0.7,12.8478,17,15.8746,1007.07,Yes
1731949856,Mostly Cloudy,23.12222222,23.12222222,0.77,11.8496,5,14.7154,1007.62,Yes
1713559881,Partly Cloudy,15.56111111,15.56111111,0.92,3.3327,263,14.9086,1011.53,Yes
1711685942,Partly Cloudy,15.49444444,15.49444444,0.87,3.3649,280,15.8263,1011.34,Yes
1722420344,Mostly Cloudy,16.53888889,16.53888889,0.91,3.6225,321,14.168,1008.66,Yes
1712202402,Partly Cloudy,13.8,13.8,0.9,3.2039,291,15.7297,1011.04,Yes
1726907997,Partly Cloudy,13.31666667,13.31666667,0.9,3.1234,274,15.6492,1011.12,No
1711835755,Partly Cloudy,12.60555556,12.60555556,0.92,3.6064,308,13.8943,1010.9,No
1733782425,Clear,12.32777778,12.32777778,0.93,3.0912,295,10.8192,1011.54,No
1720041089,Partly Cloudy,14.96666667,14.96666667,0.87,4.508,322,9.6761,1010.85,No
1726830281,Mostly Cloudy,16.26111111,16.26111111,0.87,8.6135,348,9.7083,1010.89,No
1721499903,Foggy,16.25,16.25,0.92,9.3058,341,0.9982,1010.93,No
1715529202,Partly Cloudy,18.88888889,18.88888889,0.89,10.6421,340,4.5885,1010.64,No
1714203664,Partly Cloudy,21.35,21.35,0.76,14.0392,341,10.948,1010.56,No
1715846332,Mostly Cloudy,21.20555556,21.20555556,0.76,13.9426,340,12.0428,1010.5,No
1723150613,Partly Cloudy,22.33888889,22.33888889,0.72,10.8192,348,11.27,1010.09,No
1719341872,Mostly Cloudy,23.03333333,23.03333333,0.66,10.2074,333,15.3111,1009.62,No
1721875764,Mostly Cloudy,23.91111111,23.91111111,0.62,9.4024,352,11.27,1008.8,No
1728126538,Mostly Cloudy,24.97777778,24.97777778,0.51,7.6636,348,11.27,1008.39,No
1709273765,Mostly Cloudy,23.8,23.8,0.58,9.0482,341,11.4471,1007.71,Yes
1732377475,Mostly Cloudy,23.59444444,23.59444444,0.53,7.5992,358,11.27,1007.66,Yes
1724999577,Mostly Cloudy,22.50555556,22.50555556,0.68,11.27,340,11.1251,1007.66,Yes
1715644629,Mostly Cloudy,20.01666667,20.01666667,0.78,12.2682,329,11.4471,1007.6,Yes
1735489026,Mostly Cloudy,19.91111111,19.91111111,0.74,16.1966,20,11.2056,1007.87,Yes
1729027719,Overcast,19.35555556,19.35555556,0.76,13.2664,29,14.9086,1008.35,Yes
1726990983,Overcast,17.88333333,17.88333333,0.85,12.6868,7,14.9569,1008.32,Yes
1711228041,Overcast,17.25,17.25,0.89,10.5294,338,15.8263,1008.16,Yes
1734827259,Overcast,16.62777778,16.62777778,0.92,6.3756,328,15.8263,1008.15,Yes
1707759256,Mostly Cloudy,15.84444444,15.84444444,0.84,3.5259,315,14.9569,1009.37,Yes
1722818823,Overcast,17,17,0.92,2.6565,55,14.9086,1008.06,Yes
1732789880,Overcast,17.06666667,17.06666667,0.86,6.6332,289,15.8263,1007.86,Yes
1714886269,Overcast,16.50555556,16.50555556,0.79,6.9874,307,14.9569,1008.06,Yes
1708525941,Mostly Cloudy,14.98333333,14.98333333,0.83,9.4507,299,11.2056,1007.87,Yes
1735254485,Partly Cloudy,16.02222222,16.02222222,0.81,12.3809,299,11.2056,1007.98,Yes
1718204500,Mostly Cloudy,16.16111111,16.16111111,0.81,15.8746,306,9.982,1008.07,Yes
1708705461,Mostly Cloudy,18.84444444,18.84444444,0.68,22.1053,309,9.982,1007.86,Yes
1731379092,Mostly Cloudy,21.11666667,21.11666667,0.68,20.2055,300,9.982,1007.95,Yes
1735194224,Partly Cloudy,22.50555556,22.50555556,0.62,15.1501,309,9.982,1008.2,Yes
1731719916,Partly Cloudy,23.79444444,23.79444444,0.54,17.2431,290,11.27,1007.95,Yes
1727288236,Partly Cloudy,23.88888889,23.88888889,0.51,15.5848,309,11.27,1008.03,Yes
1705311527,Partly Cloudy,25.83333333,25.83333333,0.44,16.422,308,11.4471,1008.03,Yes
1724325080,Partly Cloudy,25.92777778,25.92777778,0.43,21.6867,290,11.27,1007.73,Yes
1726260570,Partly Cloudy,25,25,0.42,20.0767,290,9.982,1007.71,Yes
1709744563,Partly Cloudy,24.94444444,24.94444444,0.43,18.6599,288,10.3523,1007.73,Yes
1716360882,Partly Cloudy,24.92777778,24.92777778,0.45,16.9855,299,9.982,1007.81,Yes
1735458858,Partly Cloudy,22.8,22.8,0.51,12.397,290,11.2056,1008.02,Yes
1716660422,Partly Cloudy,19.33888889,19.33888889,0.7,7.3255,280,11.3988,1008.55,No
1720730126,Partly Cloudy,17.80555556,17.80555556,0.78,4.7817,260,9.982,1008.62,No
1722408064,Mostly Cloudy,17.78333333,17.78333333,0.75,3.4615,256,15.8263,1008.73,No
1733760235,Mostly Cloudy,16.48888889,16.48888889,0.79,6.3434,279,14.9569,1009.41,No
1729336980,Mostly Cloudy,15.69444444,15.69444444,0.83,6.5044,281,15.8263,1009.79,No
1711245255,Mostly Cloudy,15.62777778,15.62777778,0.81,3.3649,299,15.8263,1009.69,No
1735040372,Mostly Cloudy,16.21111111,16.21111111,0.93,4.2182,279,14.7154,1007.41,No
1714228657,Mostly Cloudy,15.57777778,15.57777778,0.84,6.2951,281,15.8263,1009.61,No
1716389978,Mostly Cloudy,15.57777778,15.57777778,0.81,3.3166,306,15.8263,1009.32,No
1712863581,Mostly Cloudy,15.60555556,15.60555556,0.81,3.7191,327,14.9569,1009.37,No
1713260381,Mostly Cloudy,15.05,15.05,0.83,7.7924,348,9.982,1009.14,No
1706079986,Mostly Cloudy,17.06666667,17.06666667,0.73,9.3219,339,9.982,1009.12,No
1712688144,Mostly Cloudy,17.48333333,17.48333333,0.72,7.4221,10,9.982,1009.19,No
1722205990,Overcast,17.66666667,17.66666667,0.71,8.7745,48,9.982,1009.19,No
1735137820,Overcast,18.8,18.8,0.69,8.7584,59,9.982,1008.99,No
1713146702,Clear,19.68333333,19.68333333,0.67,8.7423,60,11.0285,1008.93,No
1717580346,Clear,18.82222222,18.82222222,0.78,10.626,70,11.27,1008.11,Yes
1729349868,Mostly Cloudy,20,20,0.77,4.7495,69,11.27,1007.52,Yes
1710600427,Mostly Cloudy,21.15,21.15,0.72,7.7924,108,11.3988,1007.29,Yes
1707326217,Mostly Cloudy,23.65555556,23.65555556,0.67,11.0124,89,11.2056,1006.83,Yes
1725162846,Mostly Cloudy,23.61666667,23.61666667,0.6,15.2145,147,11.2056,1006.16,Yes
1704804023,Mostly Cloudy,23.81666667,23.81666667,0.62,10.6421,152,11.3988,1005.9,Yes
1709097939,Partly Cloudy,22.03888889,22.03888889,0.7,25.0033,200,11.27,1005.65,Yes
1710270818,Mostly Cloudy,19.95,19.95,0.7,16.1644,190,11.0768,1006.32,Yes
1728933189,Partly Cloudy,18.92222222,18.92222222,0.8,8.3237,189,11.2861,1006.71,Yes
1709643552,Mostly Cloudy,17.26666667,17.26666667,0.88,7.8085,149,9.8532,1007.17,Yes
1734102510,Partly Cloudy,16.17777778,16.17777778,0.9,5.957,159,15.4399,1007.38,Yes
1732883594,Mostly Cloudy,15.83333333,15.83333333,0.93,6.3434,149,14.2324,1007.32,No
1717841137,Mostly Cloudy,16.73333333,16.73333333,0.93,6.0053,112,3.9123,1007.28,No
1735384263,Mostly Cloudy,16.71111111,16.71111111,0.97,13.1054,121,15.5526,1006.86,No
1727988980,Overcast,16.26666667,16.26666667,0.97,5.474,192,6.6976,1009.54,No
1712493333,Mostly Cloudy,16.13888889,16.13888889,0.97,11.0446,270,14.6349,1007.4,No
1719633640,Partly Cloudy,16.08888889,16.08888889,0.97,3.0912,35,14.6349,1006.87,No
1709088616,Mostly Cloudy,15.55555556,15.55555556,0.96,2.7692,287,7.8246,1007.66,No
1719859465,Partly Cloudy,14.51666667,14.51666667,1,3.0268,83,4.9427,1007.73,No
1723080065,Mostly Cloudy,17.08888889,17.08888889,0.99,10.8192,171,6.9391,1007.8,No
1730051837,Mostly Cloudy,17.66666667,17.66666667,0.96,9.5956,143,10.4811,1008.39,No
1714692733,Mostly Cloudy,19.79444444,19.79444444,0.85,10.5133,162,11.27,1008.32,No
1715134788,Mostly Cloudy,22.01666667,22.01666667,0.74,10.7709,229,11.27,1008.71,No
1707202702,Partly Cloudy,21.13888889,21.13888889,0.73,9.4668,237,11.0768,1009.28,No
1718952650,Partly Cloudy,21.04444444,21.04444444,0.73,15.1018,259,11.27,1009.72,No
1731934354,Partly Cloudy,18.93888889,18.93888889,0.89,13.524,237,7.2772,1010.77,No
1728690989,Overcast,18.91666667,18.91666667,0.9,3.381,274,6.5366,1010.97,Yes
1734369175,Mostly Cloudy,20.05,20.05,0.78,4.7334,213,11.27,1010.28,Yes
1733515798,Partly Cloudy,21.06666667,21.06666667,0.73,9.0643,132,11.27,1009.53,Yes
1709632629,Mostly Cloudy,20.05,20.05,0.78,0.3703,167,11.0768,1009.78,Yes
1726881841,Overcast,20,20,0.83,0.0644,255,11.27,1009.83,Yes
1720145533,Overcast,18.86666667,18.86666667,0.9,0.0322,17,11.27,1010.18,Yes
1728970708,Overcast,17.95555556,17.95555556,0.96,3.7835,89,11.0768,1010.43,Yes
1704654306,Overcast,17.71111111,17.71111111,0.97,12.2199,129,11.2056,1010.09,Yes
1734360928,Overcast,17.73333333,17.73333333,0.93,10.6099,130,11.9784,1009.92,Yes
1731008628,Overcast,16.79444444,16.79444444,0.97,5.3935,143,8.05,1010.08,Yes
1724402425,Overcast,16.66666667,16.66666667,0.97,6.1824,159,7.9695,1010.49,Yes
1722855344,Overcast,16.16111111,16.16111111,0.97,6.2951,169,6.118,1010.1,Yes
1719165466,Overcast,17.01111111,17.01111111,0.91,5.4096,178,13.685,1013.23,Yes
1728907942,Overcast,16.11666667,16.11666667,0.97,2.8658,283,6.118,1010.3,Yes
1717625245,Overcast,16.11666667,16.11666667,0.97,2.8497,306,6.0697,1010.48,Yes
1712795230,Overcast,15.55555556,15.55555556,0.96,5.8121,224,6.5849,1010.86,Yes
1724760415,Clear,14.00555556,14.00555556,1,3.0751,199,5.9731,1010.7,Yes
1705545589,Partly Cloudy,16.11666667,16.11666667,0.93,9.3541,210,5.9731,1011.39,Yes
1717714135,Mostly Cloudy,16.05,16.05,0.93,9.0643,220,3.6708,1011.92,Yes
1716789457,Mostly Cloudy,16.21111111,16.21111111,0.99,7.5831,230,4.991,1012.57,Yes
1709250456,Overcast,17.80555556,17.80555556,0.89,7.728,200,11.27,1013.15,Yes
1722721342,Mostly Cloudy,18.88333333,18.88333333,0.84,5.2325,217,10.8997,1013.59,Yes
1731327919,Mostly Cloudy,20.18888889,20.18888889,0.77,7.8729,202,11.27,1013.43,Yes
1718744100,Mostly Cloudy,22.26666667,22.26666667,0.67,11.0607,208,11.27,1013.32,Yes
1715601603,Partly Cloudy,22.35555556,22.35555556,0.7,12.9766,198,11.4471,1013.49,Yes
1729810180,Partly Cloudy,23.86666667,23.86666667,0.54,10.8675,209,11.27,1013.22,Yes
1710954038,Partly Cloudy,23.88888889,23.88888889,0.58,9.5312,201,11.27,1012.83,Yes
1713205941,Partly Cloudy,22.95555556,22.95555556,0.56,11.8013,165,11.4471,1012.85,Yes
1723060981,Partly Cloudy,22.47777778,22.47777778,0.58,10.8192,159,11.1251,0,Yes
1727311600,Partly Cloudy,20.85555556,20.85555556,0.7,4.5885,148,11.27,1012.28,Yes
1709943661,Mostly Cloudy,19.16111111,19.16111111,0.82,0.7728,121,9.982,1012.44,Yes
1719975897,Partly Cloudy,17.73333333,17.73333333,0.84,9.1126,111,9.982,1012.44,Yes
1729719454,Mostly Cloudy,18.23888889,18.23888889,0.81,6.2468,111,15.8263,1012.62,Yes
1718819663,Mostly Cloudy,17.81666667,17.81666667,0.88,1.6261,289,14.9569,1013.45,Yes
1705248946,Mostly Cloudy,17.71111111,17.71111111,0.84,12.9444,309,15.8263,1013.41,Yes
1719737635,Overcast,17.2,17.2,0.9,3.0912,104,15.7297,1013.5,Yes
1728194471,Partly Cloudy,15.30555556,15.30555556,0.9,2.6243,126,14.168,1015.55,Yes
1732912504,Mostly Cloudy,16.55,16.55,0.93,3.2522,142,15.8263,1013.21,Yes
1729669845,Mostly Cloudy,16.09444444,16.09444444,0.96,6.0053,338,14.9086,1013.21,Yes
1722166267,Mostly Cloudy,15.55,15.55,0.93,2.4633,316,14.0875,1013.5,Yes
1706389776,Mostly Cloudy,14.93333333,14.93333333,0.93,4.7334,191,9.9015,1013.79,Yes
1728235989,Partly Cloudy,17.08888889,17.08888889,0.93,7.9051,201,9.982,1014.1,Yes
1717608896,Partly Cloudy,18.65555556,18.65555556,0.85,7.3738,223,10.3523,1014.13,Yes
1710075459,Partly Cloudy,19.81111111,19.81111111,0.79,11.0768,270,11.2056,1014.61,Yes
1735586340,Partly Cloudy,21.06111111,21.06111111,0.73,7.7924,264,11.2056,0,Yes
1718141705,Partly Cloudy,22.20555556,22.20555556,0.63,11.1734,254,11.3988,1015.48,Yes
1720015696,Partly Cloudy,22.75,22.75,0.57,12.558,279,11.4471,1015,Yes
1721679085,Partly Cloudy,23.79444444,23.79444444,0.54,13.6045,279,11.4471,1015.18,Yes
1715561098,Partly Cloudy,23.48333333,23.48333333,0.51,10.8353,255,15.3111,1015.29,Yes
1726300135,Partly Cloudy,23.96111111,23.96111111,0.53,10.787,239,11.2056,1015.17,Yes
1730118525,Partly Cloudy,24.95,24.95,0.5,10.8031,229,11.2056,1014.96,Yes
1710284827,Partly Cloudy,23.95555556,23.95555556,0.53,12.3004,220,11.2056,1014.66,Yes
1721799636,Partly Cloudy,23.95555556,23.95555556,0.5,12.2843,229,11.2056,1014.77,Yes
1705319261,Partly Cloudy,23.86111111,23.86111111,0.54,3.0912,246,11.2056,1014.68,Yes
1716334176,Partly Cloudy,19.26666667,19.26666667,0.75,0.5474,291,10.3523,1015.04,Yes
1725639332,Partly Cloudy,17.28888889,17.28888889,0.87,3.1073,63,9.982,1015.58,Yes
1721745951,Clear,16.62222222,16.62222222,0.93,3.1395,148,15.8263,1015.88,Yes
1712313966,Clear,16.67222222,16.67222222,0.87,3.3005,107,14.9569,1015.95,Yes
1733828088,Partly Cloudy,15.07222222,15.07222222,0.93,2.2862,98,15.8263,1015.99,Yes
1713643009,Partly Cloudy,14.51666667,14.51666667,0.93,3.0268,111,14.9086,1015.89,Yes
1732201235,Partly Cloudy,17.84444444,17.84444444,0.8,12.3326,136,14.9569,1012.82,Yes
1727615240,Partly Cloudy,14.44444444,14.44444444,0.93,3.1556,138,14.9086,1015.98,Yes
1726379205,Partly Cloudy,13.88888889,13.88888889,0.96,3.1234,128,14.9086,1015.71,Yes
1708709250,Mostly Cloudy,14.43333333,14.43333333,0.9,5.6028,121,14.0875,1015.63,Yes
1735263178,Mostly Cloudy,14.92777778,14.92777778,0.87,4.6207,129,11.0446,1015.59,Yes
1711629035,Partly Cloudy,17.04444444,17.04444444,0.82,8.9999,149,11.2056,1015.49,Yes
1727636007,Partly Cloudy,18.78888889,18.78888889,0.78,8.694,153,11.0285,1015.64,Yes
1732703645,Partly Cloudy,21.16111111,21.16111111,0.73,12.3004,140,11.2056,1015.46,Yes
1712400103,Partly Cloudy,23.86666667,23.86666667,0.62,12.7029,120,11.2056,1015.35,Yes
1717405046,Partly Cloudy,24.96666667,24.96666667,0.56,15.3594,146,10.3523,1015.21,Yes
1710818882,Partly Cloudy,26.13333333,26.13333333,0.47,14.4417,130,10.0464,1014.56,Yes
1710818884,Partly Cloudy,27.22222222,27.26111111,0.44,15.8907,149,10.0464,1014.36,Yes
1710818889,Partly Cloudy,27.73888889,27.35555556,0.39,14.6349,140,10.4006,1014.11,Yes
1710818890,Partly Cloudy,27.77777778,27.5,0.4,15.9229,150,9.982,1013.56,Yes
1710818891,Partly Cloudy,27.8,27.4,0.39,15.778,169,9.982,1013.07,Yes
1710818891,Partly Cloudy,27.87222222,27.37777778,0.37,13.5723,149,10.3523,1012.83,Yes
1710818890,Mostly Cloudy,26.15555556,26.15555556,0.43,10.7226,138,9.982,1012.55,Yes
1710818883,Mostly Cloudy,23.97777778,23.97777778,0.54,7.9856,121,9.982,1012.46,Yes
1710818886,Mostly Cloudy,22.57222222,22.57222222,0.58,10.6421,118,10.3523,1012.52,Yes
1710818889,Mostly Cloudy,21.13888889,21.13888889,0.6,10.8997,110,9.982,1012.58,Yes
1710818883,Partly Cloudy,20.43888889,20.43888889,0.67,10.9319,110,15.8263,1012.41,Yes
1710818885,Partly Cloudy,20.42777778,20.42777778,0.7,10.3362,112,14.9569,1012.66,Yes
1710818888,Partly Cloudy,19.35555556,19.35555556,0.74,11.0124,139,15.8263,1012.6,Yes
1710818888,Partly Cloudy,18.75,18.75,0.76,10.8353,139,15.8263,1012.59,Yes
1710818886,Clear,19.87777778,19.87777778,0.85,10.143,139,14.9569,1012.55,Yes
1710818888,Partly Cloudy,17.22222222,17.22222222,0.84,13.9265,138,15.8263,1012.09,Yes
1710818889,Partly Cloudy,16.64444444,16.64444444,0.87,14.3451,138,15.8263,1012.11,Yes
1710818887,Partly Cloudy,16.55,16.55,0.88,10.0142,146,14.9569,1012.39,Yes
1710818886,Clear,16.09444444,16.09444444,0.87,9.4829,149,8.1305,1012.38,Yes
1710818888,Partly Cloudy,17.66666667,17.66666667,0.84,10.9963,131,9.982,1012.66,Yes
1710818889,Partly Cloudy,20.78333333,20.78333333,0.7,14.812,148,9.982,1012.65,Yes
1710818885,Partly Cloudy,22.73333333,22.73333333,0.67,15.4721,159,9.982,1012.39,Yes
1710818890,Partly Cloudy,26.01666667,26.01666667,0.55,16.8567,179,9.982,1012.47,Yes
1710818886,Clear,26.12777778,26.12777778,0.58,13.2825,189,15.2628,1012.91,Yes
1710818888,Clear,28.83888889,29.61111111,0.51,9.66,177,9.982,0,Yes
1710818888,Partly Cloudy,29.00555556,29.75,0.51,10.8031,197,9.982,1012.36,Yes
1710818885,Clear,31.03333333,31.71111111,0.45,7.6475,201,10.3523,1012.33,Yes
1710818887,Clear,31.13333333,30.6,0.36,11.1734,160,16.0517,1011.95,Yes
1710818887,Clear,31.13333333,31.26111111,0.41,11.27,186,9.982,1011.74,Yes
1710818885,Partly Cloudy,31.21111111,31.32777778,0.41,10.7709,165,10.3523,1011.73,Yes
1710818883,Clear,30.02222222,30.70555556,0.48,11.0768,162,9.982,1011.45,Yes
1710818885,Clear,27.87222222,29.07222222,0.58,9.177,170,9.982,1011.65,Yes
1710818883,Partly Cloudy,25.40555556,25.40555556,0.66,7.9695,168,9.982,1011.99,Yes
1710818890,Partly Cloudy,22.75555556,22.75555556,0.79,4.6207,178,9.982,1012.36,Yes
1710818885,Partly Cloudy,22.68888889,22.68888889,0.79,6.5849,150,15.8263,1012.47,Yes
1710818886,Clear,21.2,21.2,0.84,6.5044,132,14.9569,1012.57,Yes
1710818890,Clear,21.55,21.55,0.81,6.3917,152,15.8263,1012.66,Yes
1710818889,Clear,21.43888889,21.43888889,0.82,10.8353,150,15.8263,1012.39,Yes
1710818884,Partly Cloudy,19.50555556,19.50555556,0.92,2.898,211,14.9569,1015.42,Yes
1710818888,Partly Cloudy,19.86111111,19.86111111,0.88,13.4918,140,15.8263,1012.38,Yes
1710818888,Partly Cloudy,19.33333333,19.33333333,0.87,10.948,150,15.8263,1012.48,Yes
1710818887,Partly Cloudy,18.75,18.75,0.91,10.1591,147,14.8764,1012.44,Yes
1710818889,Clear,18.84444444,18.84444444,0.9,7.9856,159,7.1323,1012.47,Yes
1710818883,Mostly Cloudy,19.91111111,19.91111111,0.87,10.9963,150,9.8049,1012.85,Yes
1710818891,Partly Cloudy,22.10555556,22.10555556,0.81,14.49,168,9.8371,1012.81,Yes
1710818888,Clear,24.95,24.95,0.69,16.0195,180,9.9015,0,Yes
1710818891,Mostly Cloudy,25,25,0.74,11.1573,179,9.982,1013.17,Yes
1710818886,Mostly Cloudy,27.3,29.12777778,0.67,13.7816,180,9.982,1014,Yes
1710818882,Mostly Cloudy,27.96666667,29.62777778,0.62,16.0034,170,9.982,1013.21,Yes
1710818888,Mostly Cloudy,30.11666667,31.27222222,0.5,17.388,162,9.982,1012.98,Yes
1710818891,Mostly Cloudy,31.04444444,31.68888889,0.45,23.667,181,9.982,1012.5,Yes
1710818888,Mostly Cloudy,31.20555556,32.45555556,0.47,17.5168,183,11.2056,1012.44,Yes
1710818883,Mostly Cloudy,32.17222222,32.91111111,0.42,16.2932,211,9.982,1012.52,Yes
1710818887,Mostly Cloudy,32.54444444,33.17777778,0.4,12.3809,220,10.3523,1012.62,Yes
1710818886,Mostly Cloudy,31.03888889,31.62222222,0.44,10.1591,238,9.982,1012.44,Yes
1710818889,Mostly Cloudy,28.95555556,30.16666667,0.54,8.372,222,9.982,1012.65,Yes
1710818888,Partly Cloudy,26.47777778,26.47777778,0.64,7.7441,232,10.3523,1013.44,Yes
1710818886,Partly Cloudy,22.91666667,22.91666667,0.73,8.05,211,9.982,1014.17,Yes
1710818888,Partly Cloudy,23.38333333,23.38333333,0.73,6.7298,211,15.8263,1014.58,Yes
1710818886,Partly Cloudy,22.45,22.45,0.83,3.5098,249,14.9569,1015.15,Yes
1710818883,Partly Cloudy,22.6,22.6,0.77,6.0536,266,15.8263,1015.69,No
1710818885,Partly Cloudy,19.98333333,19.98333333,0.9,3.5581,196,15.8263,1015.99,No
1710818887,Clear,20.95555556,20.95555556,0.87,3.0751,121,15.8263,1016.78,No
1710818887,Clear,18.87222222,18.87222222,0.9,3.703,237,15.8263,1016.49,No
1710818889,Clear,18.33888889,18.33888889,0.93,6.4078,176,15.8263,1016.69,No
1710818888,Clear,18.85,18.85,0.93,5.6028,186,11.6886,1016.84,No
1710818884,Clear,17.27777778,17.27777778,0.99,4.7978,174,11.2056,1017.27,No
1710818888,Clear,19.91666667,19.91666667,0.87,4.9588,210,9.982,1017.3,Yes
1710818891,Clear,23.6,23.6,0.74,7.9212,243,10.3523,1017.88,Yes
1710818888,Clear,25.99444444,25.99444444,0.61,10.9319,238,9.982,1017.85,Yes
1710818885,Clear,27.73333333,28.62222222,0.55,12.7029,237,9.982,1017.78,Yes
1710818891,Clear,28.79444444,29.36666667,0.5,15.9068,230,9.982,1018.19,Yes
1710818889,Clear,29.88333333,30.38888889,0.47,20.2538,259,9.982,1018.67,Yes
1710818884,Partly Cloudy,30.97222222,31.59444444,0.45,17.227,248,9.982,1018.15,Yes
1710818887,Partly Cloudy,31.91666667,32.42222222,0.41,11.2539,255,10.3523,1017.78,Yes
1710818890,Partly Cloudy,32.12777778,32.75,0.42,15.4399,220,9.982,1016.77,Yes
1710818891,Partly Cloudy,32.12777778,32.22777778,0.39,17.3236,220,9.982,1017.07,Yes
1710818888,Partly Cloudy,31.08333333,31.68888889,0.44,17.1626,238,9.982,1017.26,Yes
1710818888,Partly Cloudy,31.01666667,31.62222222,0.44,12.3809,221,9.982,1017.23,Yes
1710818886,Partly Cloudy,27.26666667,28.80555556,0.64,10.8031,162,9.982,1016.27,Yes
1710818889,Partly Cloudy,25.45555556,25.45555556,0.68,0.8855,328,10.3523,1016.14,Yes
1710818890,Partly Cloudy,22.8,22.8,0.84,4.6207,182,9.982,1017.94,Yes
1710818883,Partly Cloudy,23.21666667,23.21666667,0.79,6.1824,169,15.8263,1017.58,Yes
1710818887,Clear,22.23888889,22.23888889,0.85,2.7853,133,14.9569,1017.7,Yes
1710818888,Mostly Cloudy,20.41666667,20.41666667,0.84,23.8602,339,15.6492,1008.14,No
1710818883,Mostly Cloudy,19.88333333,19.88333333,0.85,10.3684,329,15.6492,1008.38,No
1710818886,Partly Cloudy,16.81111111,16.81111111,0.92,6.5688,354,14.9569,1009.23,No
1710818887,Mostly Cloudy,19.37777778,19.37777778,0.9,10.1913,29,15.7297,1007.8,No
1710818887,Overcast,18.86666667,18.86666667,0.93,4.9105,280,14.812,1007.64,No
1710818887,Mostly Cloudy,18.88333333,18.88333333,0.93,5.8121,292,13.9426,1007.73,No
1710818884,Partly Cloudy,17.87222222,17.87222222,0.97,5.1198,280,10.8997,1008.14,Yes
1710818887,Mostly Cloudy,18.93888889,18.93888889,0.99,4.8783,254,10.8997,1009.1,Yes
1710818888,Overcast,20.08888889,20.08888889,0.92,9.7727,273,11.2056,1009.47,Yes
1710818887,Overcast,21.08888889,21.08888889,0.87,12.3326,318,11.27,1009.31,Yes
1710818884,Mostly Cloudy,22.17777778,22.17777778,0.81,12.7995,319,11.2056,1009.21,Yes
1710818887,Mostly Cloudy,23.53333333,23.53333333,0.71,16.1805,318,11.3988,1009.38,Yes
1710818891,Mostly Cloudy,23.84444444,23.84444444,0.69,14.2646,301,11.27,1009.41,Yes
1710818882,Partly Cloudy,24.95555556,24.95555556,0.62,12.719,318,11.27,1009.02,Yes
1710818883,Partly Cloudy,25.92222222,25.92222222,0.58,10.7065,295,11.4471,1009,Yes
